trip_distance_id,VendorID,tpep_pickup_datetime,tpep_dropoff_datetime,passenger_count,trip_distance,rate_code_name,pickup_latitude,pickup_longitude,dropoff_latitude,dropoff_longitude,payment_type_name,fare_amount,extra,mta_tax,tip_amount,tolls_amount,improvement_surcharge,total_amount
257,2,9:24:14 ص 2016/03/10,9:26:18 ص 2016/03/10,1,0,Standard rate,0,0,0,0,Credit card,0,0,0,0,0,0,0
257,2,7:53:17 ص 2016/03/10,7:54:59 ص 2016/03/10,1,0,Standard rate,40٫7640419,-73٫9019928,40٫76389313,-73٫90200806,Cash,0,0,0,0,0,0,0
257,2,7:08:26 ص 2016/03/10,7:08:29 ص 2016/03/10,5,0,Standard rate,40٫76406479,-73٫90210724,40٫76412201,-73٫90209198,Cash,0,0,0,0,0,0,0
257,2,2:03:59 م 2016/03/10,2:04:02 م 2016/03/10,1,0,JFK,0,0,0,0,Cash,0,0,0٫5,0,0,0٫3,0
257,2,8:38:27 ص 2016/03/10,8:40:37 ص 2016/03/10,1,0,Standard rate,40٫76440811,-73٫93713379,40٫76464081,-73٫93695068,Cash,0,0,0,0,0,0,0
257,2,6:14:25 ص 2016/03/01,6:14:25 ص 2016/03/01,1,0,Standard rate,40٫76460648,-73٫93670654,40٫76460266,-73٫93669128,Credit card,0,0,0,0,0,0,0
257,2,6:11:58 ص 2016/03/01,6:11:58 ص 2016/03/01,1,0,Standard rate,0,0,40٫76477814,-73٫93695068,Credit card,0,0,0,0,0,0,0
257,2,7:38:58 ص 2016/03/10,7:42:03 ص 2016/03/10,1,0,Standard rate,40٫76398087,-73٫90187073,40٫76396179,-73٫90190887,Cash,0,0,0,0,0,0,0
257,2,12:49:27 م 2016/03/10,12:49:41 م 2016/03/10,1,0,Standard rate,40٫76468277,-73٫93669891,0,0,Credit card,0,0,0,0,0,0,0
257,2,8:21:52 ص 2016/03/10,8:22:22 ص 2016/03/10,1,0,Standard rate,40٫76490021,-73٫93743896,40٫76490402,-73٫93717957,Credit card,0,0,0,0,0,0,0
257,2,8:21:27 ص 2016/03/10,8:22:46 ص 2016/03/10,1,0,Standard rate,40٫76393127,-73٫90195465,40٫76391602,-73٫90197754,Cash,0,0,0,0,0,0,0
257,2,1:07:29 م 2016/03/10,1:10:11 م 2016/03/10,1,0,Standard rate,40٫76375961,-73٫90209198,40٫7637291,-73٫90209961,Cash,0,0,0,0,0,0,0
257,2,7:43:54 ص 2016/03/10,7:45:52 ص 2016/03/10,1,0,Standard rate,40٫76396942,-73٫90189362,40٫76396942,-73٫90189362,Cash,0,0,0,0,0,0,0
257,2,7:49:01 ص 2016/03/10,7:50:18 ص 2016/03/10,1,0,Standard rate,40٫76401901,-73٫90203857,40٫76383972,-73٫90209198,Cash,0,0,0,0,0,0,0
257,2,6:13:03 ص 2016/03/01,6:13:05 ص 2016/03/01,1,0,Standard rate,0,0,40٫7648201,-73٫93695068,Credit card,0,0,0,0,0,0,0
257,2,7:31:14 ص 2016/03/10,7:34:20 ص 2016/03/10,1,0,Standard rate,40٫76395035,-73٫90189362,40٫76391983,-73٫90207672,Cash,0,0,0,0,0,0,0
257,2,7:22:27 ص 2016/03/10,7:23:51 ص 2016/03/10,1,0,Standard rate,40٫76393127,-73٫90193176,40٫76392365,-73٫90194702,Cash,0,0,0,0,0,0,0
257,2,10:51:05 ص 2016/03/10,10:51:13 ص 2016/03/10,1,0,Standard rate,40٫76463699,-73٫93688202,0,0,Credit card,0,0,0,0,0,0,0
257,2,9:16:50 ص 2016/03/10,9:19:52 ص 2016/03/10,1,0,Standard rate,40٫76455688,-73٫93694305,40٫76424789,-73٫93701935,Credit card,0,0,0,0,0,0,0
257,2,7:14:39 ص 2016/03/10,7:16:42 ص 2016/03/10,1,0,Standard rate,40٫76393127,-73٫90196228,40٫7639389,-73٫90196991,Cash,0,0,0,0,0,0,0
257,2,7:37:32 ص 2016/03/10,7:37:40 ص 2016/03/10,6,0,Standard rate,0,0,40٫76398849,-73٫90207672,Cash,0,0,0,0,0,0,0
257,2,8:01:22 ص 2016/03/10,8:02:51 ص 2016/03/10,5,0,Standard rate,40٫76414871,-73٫9019928,40٫76414871,-73٫90200806,Cash,0,0,0,0,0,0,0
257,2,12:41:27 م 2016/03/10,12:43:03 م 2016/03/10,1,0,Standard rate,40٫76467133,-73٫93682098,40٫76467133,-73٫93679047,Cash,0,0,0,0,0,0,0
257,2,1:07:43 ص 2016/03/01,1:08:43 ص 2016/03/01,1,0,Standard rate,0,0,40٫76457977,-73٫93695831,Credit card,0,0,0,0,0,0,0
257,2,12:56:51 م 2016/03/10,12:56:55 م 2016/03/10,1,0,Standard rate,0,0,0,0,Cash,2٫5,0,0٫5,0,0,0٫3,3
257,2,12:56:51 م 2016/03/10,12:56:55 م 2016/03/10,1,0,Standard rate,0,0,0,0,No charge,-2٫5,0,-0٫5,0,0,-0٫3,-3
257,2,8:07:36 ص 2016/03/10,8:11:28 ص 2016/03/10,1,0,Standard rate,40٫76251221,-73٫98589325,40٫76131439,-73٫9934845,Credit card,4,0,0٫5,1٫2,0,0٫3,6
257,2,12:51:46 م 2016/03/10,12:51:51 م 2016/03/10,1,0,Standard rate,0,0,0,0,Credit card,2٫5,0,0٫5,2٫7,0,0٫3,6
257,2,12:51:46 م 2016/03/10,12:51:51 م 2016/03/10,1,0,Standard rate,0,0,0,0,No charge,-2٫5,0,-0٫5,-2٫7,0,-0٫3,-6
257,2,11:49:20 ص 2016/03/10,11:49:23 ص 2016/03/10,1,0,Negotiated fare,0,0,40٫77362061,-73٫94560242,Credit card,6٫3,0,0٫5,1٫9,0,0٫3,9
257,1,12:51:20 ص 2016/03/01,12:51:42 ص 2016/03/01,1,0,Negotiated fare,40٫77003479,-73٫98632813,40٫77003479,-73٫98632813,Credit card,9٫7,0,0,0,0,0٫3,10
257,1,12:14:51 ص 2016/03/01,12:15:33 ص 2016/03/01,1,0,Negotiated fare,40٫76086426,-73٫99603271,40٫7611084,-73٫99459839,Credit card,39٫7,0,0,0,0,0٫3,40
257,2,1:50:44 ص 2016/03/01,4:15:01 ص 2016/03/01,1,0,Negotiated fare,40٫72233963,-73٫98883057,40٫74980164,-73٫85488892,Credit card,50,0,0,0,0,0,50
257,2,10:17:15 ص 2016/03/10,10:38:37 ص 2016/03/10,1,0,Standard rate,40٫74569702,-73٫98666382,40٫78359222,-73٫97999573,Credit card,13,0,0٫5,3٫45,0,0٫3,17٫25
257,1,12:38:16 ص 2016/03/01,12:38:38 ص 2016/03/01,1,0,Negotiated fare,40٫74585724,-73٫9881134,40٫7458992,-73٫98810577,Credit card,59,0,0,9٫7,0,0٫3,69
257,2,9:04:33 ص 2016/03/10,9:14:18 ص 2016/03/10,6,0,Standard rate,40٫75640106,-73٫9890213,40٫75305939,-73٫97940063,Credit card,7,0,0٫5,1٫95,0,0٫3,9٫75
257,2,12:08:52 ص 2016/03/01,12:09:01 ص 2016/03/01,1,0,JFK,40٫76420975,-73٫98274994,40٫76420975,-73٫98277283,Credit card,52,0,0٫5,13٫2,0,0٫3,66
257,2,7:41:14 ص 2016/03/10,7:40:25 ص 2016/03/11,1,0,JFK,40٫64580536,-73٫7763443,40٫64580536,-73٫77635956,Credit card,52,0,0٫5,13٫2,0,0٫3,66
257,1,12:43:07 ص 2016/03/01,12:43:34 ص 2016/03/01,1,0,JFK,40٫7327919,-74٫00334167,40٫7327919,-74٫00334167,Credit card,52,0,0٫5,11٫66,5٫54,0٫3,70
257,2,8:12:41 ص 2016/03/10,8:12:47 ص 2016/03/10,1,0,Negotiated fare,0,0,40٫72406006,-73٫58773804,Credit card,100,0,0٫5,25٫2,0,0٫3,126
257,2,1:29:45 م 2016/03/10,1:33:45 م 2016/03/10,1,0,Standard rate,40٫76710129,-73٫98628235,40٫75991821,-73٫99411774,Credit card,4,0,0٫5,0٫96,0,0٫3,5٫76
257,2,7:40:51 ص 2016/03/10,7:44:39 ص 2016/03/10,1,0,Standard rate,40٫75325012,-73٫97756195,40٫75973129,-73٫9781189,Credit card,4,0,0٫5,0٫96,0,0٫3,5٫76
257,2,9:24:36 ص 2016/03/10,9:28:00 ص 2016/03/10,1,0,Standard rate,40٫72890091,-73٫98149109,40٫73469162,-73٫9801178,Credit card,4,0,0٫5,0٫96,0,0٫3,5٫76
257,2,11:29:14 ص 2016/03/10,11:32:39 ص 2016/03/10,1,0,Standard rate,40٫79354095,-73٫97454071,40٫78850174,-73٫97650146,Credit card,4,0,0٫5,0٫96,0,0٫3,5٫76
257,2,8:56:33 ص 2016/03/10,8:56:38 ص 2016/03/10,1,0,Negotiated fare,0,0,0,0,Credit card,8٫8,0,0٫5,1٫92,0,0٫3,11٫52
257,2,5:29:44 ص 2016/03/01,5:29:49 ص 2016/03/01,1,0,Negotiated fare,0,0,0,0,Credit card,96,0,0٫5,19٫36,0,0٫3,116٫16
257,2,12:07:42 م 2016/03/10,12:28:03 م 2016/03/10,1,0,Standard rate,40٫75751877,-73٫97593689,40٫81428909,-73٫96192169,Credit card,12٫5,0,0٫5,3٫99,0,0٫3,17٫29
257,1,5:24:19 ص 2016/03/01,5:24:45 ص 2016/03/01,1,0,Negotiated fare,40٫74375153,-73٫99215698,40٫74375534,-73٫99214935,Credit card,58,0,0,11٫11,0,0٫3,69٫41
257,2,2:24:12 م 2016/03/10,2:35:32 م 2016/03/10,1,0,Standard rate,40٫76327133,-73٫97389984,40٫77194977,-73٫96526337,Credit card,8,0,0٫5,1٫76,0,0٫3,10٫56
257,2,12:53:30 ص 2016/03/01,12:53:33 ص 2016/03/01,1,0,Negotiated fare,0,0,0,0,Credit card,27,0,0,8٫19,0,0٫3,35٫49
257,2,1:37:46 م 2016/03/10,1:37:49 م 2016/03/10,1,0,Standard rate,40٫78213501,-73٫95938873,40٫78209686,-73٫95941162,Credit card,2٫5,0,0٫5,0٫99,0,0٫3,4٫29
257,2,11:50:57 ص 2016/03/10,11:51:00 ص 2016/03/10,1,0,Standard rate,0,0,0,0,Credit card,2٫5,0,0٫5,0٫99,0,0٫3,4٫29
257,2,6:17:00 ص 2016/03/01,6:17:02 ص 2016/03/01,1,0,Standard rate,40٫76460648,-73٫93683624,40٫76464462,-73٫93680573,Credit card,2٫5,0,0٫5,0٫99,0,0٫3,4٫29
257,2,1:21:24 م 2016/03/10,1:22:03 م 2016/03/10,1,0,Standard rate,40٫68780899,-73٫98094177,40٫68775177,-73٫98091125,Credit card,2٫5,0,0٫5,0٫99,0,0٫3,4٫29
257,2,10:49:55 ص 2016/03/10,10:50:39 ص 2016/03/10,1,0,Standard rate,0,0,0,0,Credit card,2٫5,0,0٫5,0٫99,0,0٫3,4٫29
257,2,10:27:03 ص 2016/03/10,10:49:42 ص 2016/03/10,1,0,Standard rate,40٫77584839,-73٫9473114,40٫74657822,-73٫98532104,Credit card,13٫5,0,0٫5,2٫86,0,0٫3,17٫16
257,2,2:15:19 م 2016/03/10,2:15:34 م 2016/03/10,1,0,JFK,40٫76691055,-73٫95384979,40٫76691055,-73٫95384979,Credit card,52,0,0٫5,15٫84,0,0٫3,68٫64
257,2,6:13:21 ص 2016/03/01,6:13:23 ص 2016/03/01,1,0,JFK,0,0,0,0,Credit card,52,0,0٫5,15٫84,0,0٫3,68٫64
257,2,8:03:43 ص 2016/03/10,9:16:03 ص 2016/03/10,1,0,Negotiated fare,40٫75611115,-73٫99020386,40٫64561844,-73٫77631378,Credit card,58,0,0٫5,17٫55,0,0,76٫05
257,2,2:03:35 ص 2016/03/01,2:03:39 ص 2016/03/01,2,0,Negotiated fare,40٫70441818,-74٫09574127,40٫70441818,-74٫09574127,Credit card,80,0,0,0,0,0٫3,80٫3
257,1,5:18:32 ص 2016/03/01,5:20:14 ص 2016/03/01,1,0,Negotiated fare,40٫69006729,-74٫17792511,40٫69002151,-74٫17785645,Credit card,80,0,0,0,0,0٫3,80٫3
257,2,1:26:51 م 2016/03/10,1:28:12 م 2016/03/10,2,0,Standard rate,37٫38947296,-121٫9333267,37٫38937759,-121٫9332428,Credit card,1٫6,0,0٫5,0,0,0٫3,2٫4
257,1,12:16:45 ص 2016/03/01,12:18:14 ص 2016/03/01,1,0,Standard rate,40٫75154114,-73٫94527435,40٫75154114,-73٫94527435,Cash,3,0٫5,0٫5,0,0,0٫3,4٫3
257,2,12:00:43 م 2016/03/10,12:03:26 م 2016/03/10,1,0,Standard rate,40٫77747345,-73٫95719147,40٫77470779,-73٫95908356,Cash,3٫5,0,0٫5,0,0,0٫3,4٫3
257,1,5:25:32 ص 2016/03/01,5:27:21 ص 2016/03/01,1,0,Standard rate,40٫76398849,-73٫90159607,40٫76398849,-73٫90159607,Cash,3,0٫5,0٫5,0,0,0٫3,4٫3
257,2,11:06:06 ص 2016/03/10,11:08:43 ص 2016/03/10,1,0,Standard rate,40٫64686203,-73٫78990936,40٫64677429,-73٫78958893,Cash,3٫5,0,0٫5,0,0,0٫3,4٫3
257,1,5:19:03 ص 2016/03/01,5:20:31 ص 2016/03/01,1,0,Standard rate,40٫7938385,-73٫9402771,40٫79363632,-73٫94052887,Cash,3,0٫5,0٫5,0,0,0٫3,4٫3
257,2,12:14:18 م 2016/03/10,12:17:12 م 2016/03/10,1,0,Standard rate,40٫7637291,-73٫90220642,40٫76372147,-73٫90222168,Cash,3٫5,0,0٫5,0,0,0٫3,4٫3
257,2,3:00:36 ص 2016/03/01,3:01:47 ص 2016/03/01,2,0,Standard rate,40٫82114792,-73٫89794159,40٫82115555,-73٫89797974,Cash,3,0٫5,0٫5,0,0,0٫3,4٫3
257,1,4:17:20 ص 2016/03/01,4:17:20 ص 2016/03/01,1,0,Standard rate,40٫75034714,-73٫8901062,0,0,Cash,2٫5,1,0٫5,0,0,0٫3,4٫3
257,2,2:22:11 م 2016/03/10,2:24:16 م 2016/03/10,3,0,Standard rate,40٫75278473,-73٫97424316,40٫75274658,-73٫97422791,Cash,3٫5,0,0٫5,0,0,0٫3,4٫3
257,2,8:47:32 ص 2016/03/10,8:50:25 ص 2016/03/10,1,0,Standard rate,40٫76467133,-73٫93695068,40٫76465988,-73٫93697357,Credit card,3٫5,0,0٫5,0,0,0٫3,4٫3
257,1,12:08:19 ص 2016/03/01,12:08:19 ص 2016/03/01,1,0,Standard rate,40٫7565918,-73٫98923492,0,0,Cash,3,0٫5,0٫5,0,0,0٫3,4٫3
257,1,1:48:53 ص 2016/03/01,1:50:40 ص 2016/03/01,1,0,Standard rate,40٫72176743,-74٫00444794,40٫72166061,-74٫00445557,Cash,3,0٫5,0٫5,0,0,0٫3,4٫3
257,2,11:14:54 ص 2016/03/10,11:17:29 ص 2016/03/10,1,0,Standard rate,40٫65684128,-73٫79393005,40٫65683365,-73٫79393005,Cash,3٫5,0,0٫5,0,0,0٫3,4٫3
257,1,5:06:25 ص 2016/03/01,5:07:47 ص 2016/03/01,1,0,Standard rate,40٫74644852,-73٫9901123,40٫74729919,-73٫98966217,Cash,3,0٫5,0٫5,0,0,0٫3,4٫3
257,1,12:01:34 ص 2016/03/01,12:03:29 ص 2016/03/01,2,0,Standard rate,40٫74721146,-73٫98342896,40٫74782181,-73٫98468018,No charge,3,0٫5,0٫5,0,0,0٫3,4٫3
257,2,9:36:05 ص 2016/03/10,9:38:54 ص 2016/03/10,1,0,Standard rate,40٫76499939,-73٫93717194,40٫76488876,-73٫93708801,Credit card,3٫5,0,0٫5,0,0,0٫3,4٫3
257,2,8:41:04 ص 2016/03/10,8:44:52 ص 2016/03/10,1,0,Standard rate,40٫76465988,-73٫94126129,40٫76473999,-73٫93811798,Credit card,4,0,0٫5,0,0,0٫3,4٫8
257,2,11:47:54 ص 2016/03/10,11:51:08 ص 2016/03/10,2,0,Standard rate,40٫78076935,-73٫98153687,40٫77518845,-73٫97734833,Cash,4,0,0٫5,0,0,0٫3,4٫8
257,1,6:09:31 ص 2016/03/01,6:12:56 ص 2016/03/01,2,0,Standard rate,40٫68269348,-73٫98007965,40٫68269348,-73٫98007965,Cash,4,0,0٫5,0,0,0٫3,4٫8
257,1,2:42:26 ص 2016/03/01,2:44:53 ص 2016/03/01,3,0,Standard rate,0,0,40٫68304825,-73٫98014832,Cash,3٫5,0٫5,0٫5,0,0,0٫3,4٫8
257,2,7:25:53 ص 2016/03/10,7:29:45 ص 2016/03/10,6,0,Standard rate,40٫74000931,-73٫98390198,40٫74000168,-73٫98387146,Cash,4,0,0٫5,0,0,0٫3,4٫8
257,2,2:20:00 م 2016/03/10,2:23:22 م 2016/03/10,2,0,Standard rate,40٫75175095,-73٫97416687,40٫75196838,-73٫97463226,Credit card,4,0,0٫5,0,0,0٫3,4٫8
257,2,12:28:46 ص 2016/03/01,12:31:22 ص 2016/03/01,1,0,Standard rate,40٫64696121,-73٫78919983,40٫64673996,-73٫78929138,Cash,3٫5,0٫5,0٫5,0,0,0٫3,4٫8
257,1,2:47:25 ص 2016/03/01,2:49:31 ص 2016/03/01,6,0,Standard rate,40٫68307114,-73٫98042297,40٫68343735,-73٫9805603,Cash,3٫5,0٫5,0٫5,0,0,0٫3,4٫8
257,2,12:35:02 م 2016/03/10,12:35:09 م 2016/03/10,2,0,Standard rate,40٫74620056,-73٫97213745,40٫74634933,-73٫9723587,Credit card,2٫5,0,0٫5,2,0,0٫3,5٫3
257,2,1:26:17 م 2016/03/10,1:30:52 م 2016/03/10,6,0,Standard rate,40٫7427597,-73٫99655151,40٫74237823,-74٫00447845,Cash,4٫5,0,0٫5,0,0,0٫3,5٫3
257,1,12:53:35 ص 2016/03/01,12:57:11 ص 2016/03/01,1,0,Standard rate,40٫74093628,-73٫93475342,40٫74093628,-73٫93475342,No charge,4,0٫5,0٫5,0,0,0٫3,5٫3
257,2,11:50:40 ص 2016/03/10,11:54:50 ص 2016/03/10,5,0,Standard rate,40٫75881577,-73٫9726944,40٫76349258,-73٫97505951,Credit card,4٫5,0,0٫5,0,0,0٫3,5٫3
257,2,2:17:05 ص 2016/03/01,2:17:07 ص 2016/03/01,1,0,Negotiated fare,0,0,40٫67039108,-73٫92761993,Credit card,5,0,0,0,0,0٫3,5٫3
257,2,9:16:35 ص 2016/03/10,9:16:39 ص 2016/03/10,5,0,Negotiated fare,0,0,40٫78604889,-73٫95509338,Credit card,5,0,0,0,0,0٫3,5٫3
257,2,11:43:28 ص 2016/03/10,11:47:46 ص 2016/03/10,1,0,Standard rate,40٫73750305,-73٫98938751,40٫73759079,-73٫98935699,Cash,4٫5,0,0٫5,0,0,0٫3,5٫3
257,1,12:22:38 ص 2016/03/01,12:24:51 ص 2016/03/01,2,0,Standard rate,40٫74196625,-73٫98274231,40٫74274063,-73٫98441315,Credit card,3,0٫5,0٫5,1٫25,0,0٫3,5٫55
257,2,10:02:15 ص 2016/03/10,10:07:58 ص 2016/03/10,5,0,Standard rate,40٫75016403,-73٫99181366,40٫73242188,-74٫00170898,Cash,5,0,0٫5,0,0,0٫3,5٫8
257,1,12:11:05 ص 2016/03/01,12:11:05 ص 2016/03/01,1,0,Standard rate,40٫64514542,-73٫77706909,0,0,Cash,4٫5,0٫5,0٫5,0,0,0٫3,5٫8
257,2,9:11:35 ص 2016/03/10,9:11:48 ص 2016/03/10,1,0,Standard rate,0,0,40٫76427841,-73٫98255157,Credit card,2٫5,0,0٫5,3,0,0٫3,6٫3
257,1,6:14:20 ص 2016/03/01,6:20:36 ص 2016/03/01,2,0,Standard rate,40٫68269348,-73٫98007965,40٫68312073,-73٫98003387,Cash,5٫5,0,0٫5,0,0,0٫3,6٫3
257,2,12:41:50 م 2016/03/10,12:43:00 م 2016/03/10,1,0,Standard rate,0,0,40٫78852081,-73٫97678375,Credit card,2٫5,0,0٫5,3,0,0٫3,6٫3
257,2,7:45:19 ص 2016/03/10,7:51:35 ص 2016/03/10,1,0,Standard rate,40٫75991821,-73٫97869873,40٫75504684,-73٫98238373,Credit card,5٫5,0,0٫5,0,0,0٫3,6٫3
257,2,11:55:50 ص 2016/03/10,11:55:55 ص 2016/03/10,2,0,Standard rate,0,0,0,0,Credit card,2٫5,0,0٫5,3٫5,0,0٫3,6٫8
257,2,12:16:13 ص 2016/03/01,12:16:17 ص 2016/03/01,4,0,Standard rate,0,0,0,0,Credit card,2٫5,0٫5,0٫5,3,0,0٫3,6٫8
257,2,11:53:49 ص 2016/03/10,12:01:41 م 2016/03/10,1,0,Standard rate,40٫77384186,-73٫96029663,40٫77632141,-73٫97818756,Credit card,6,0,0٫5,0,0,0٫3,6٫8
257,1,5:29:43 ص 2016/03/01,5:29:43 ص 2016/03/01,1,0,Standard rate,40٫75088882,-73٫99406433,0,0,Cash,5٫5,0٫5,0٫5,0,0,0٫3,6٫8
257,2,8:13:41 ص 2016/03/10,8:13:51 ص 2016/03/10,5,0,Standard rate,40٫75735855,-73٫97396851,40٫75735855,-73٫97396851,Credit card,2٫5,0,0٫5,3٫75,0,0٫3,7٫05
257,1,4:05:30 ص 2016/03/01,4:05:30 ص 2016/03/01,2,0,Standard rate,40٫80257034,-73٫95667267,0,0,Cash,6,0٫5,0٫5,0,0,0٫3,7٫3
257,2,12:55:19 م 2016/03/10,1:03:29 م 2016/03/10,1,0,Standard rate,40٫77846146,-73٫98525238,40٫79784012,-73٫97148132,Cash,6٫5,0,0٫5,0,0,0٫3,7٫3
257,2,12:04:16 م 2016/03/10,12:10:45 م 2016/03/10,5,0,Standard rate,40٫73432159,-73٫99912262,40٫74073029,-73٫9930191,Credit card,5٫5,0,0٫5,1,0,0٫3,7٫3
257,2,7:22:19 ص 2016/03/10,7:30:43 ص 2016/03/10,1,0,Standard rate,40٫75067139,-73٫99454498,40٫75497818,-73٫97746277,Cash,6٫5,0,0٫5,0,0,0٫3,7٫3
257,2,8:09:06 ص 2016/03/10,8:09:09 ص 2016/03/10,2,0,Negotiated fare,0,0,0,0,Cash,7,0,0,0,0,0٫3,7٫3
257,2,10:35:52 ص 2016/03/10,10:44:26 ص 2016/03/10,4,0,Standard rate,40٫76676559,-73٫93034363,40٫76520538,-73٫91390228,Cash,6٫5,0,0٫5,0,0,0٫3,7٫3
257,2,8:08:01 ص 2016/03/10,8:17:39 ص 2016/03/10,2,0,Standard rate,40٫76485062,-73٫98423767,40٫75743103,-73٫97486877,Cash,7,0,0٫5,0,0,0٫3,7٫8
257,2,1:50:15 ص 2016/03/01,1:50:19 ص 2016/03/01,1,0,Negotiated fare,0,0,0,0,Credit card,7,0,0٫5,0,0,0٫3,7٫8
257,2,1:09:27 م 2016/03/10,1:18:36 م 2016/03/10,5,0,Standard rate,40٫75513077,-73٫9732666,40٫74747849,-73٫98551178,Cash,7,0,0٫5,0,0,0٫3,7٫8
257,2,11:46:46 ص 2016/03/10,11:56:44 ص 2016/03/10,6,0,Standard rate,40٫7612915,-73٫98419952,40٫75048828,-73٫99118805,Cash,7,0,0٫5,0,0,0٫3,7٫8
257,2,10:29:38 ص 2016/03/10,10:37:29 ص 2016/03/10,2,0,Standard rate,40٫79386902,-73٫96694183,40٫80765152,-73٫96054077,Credit card,6,0,0٫5,1,0,0٫3,7٫8
257,2,9:06:18 ص 2016/03/10,9:06:21 ص 2016/03/10,1,0,Negotiated fare,0,0,0,0,Credit card,11٫3,0,0,0,0,0٫3,11٫6
257,2,7:57:25 ص 2016/03/10,7:57:27 ص 2016/03/10,3,0,Negotiated fare,40٫73072815,-74٫00276947,40٫73072052,-74٫00276947,Credit card,11٫3,0,0,0,0,0٫3,11٫6
257,2,1:28:57 م 2016/03/10,1:29:00 م 2016/03/10,1,0,Negotiated fare,0,0,40٫75537109,-73٫96814728,Credit card,12٫8,0,0,0,0,0٫3,13٫1
257,2,9:50:43 ص 2016/03/10,9:50:56 ص 2016/03/10,1,0,Negotiated fare,40٫7627182,-73٫97856903,40٫7627182,-73٫97856903,Credit card,13٫8,0,0٫5,0,0,0٫3,14٫6
257,2,4:18:52 ص 2016/03/01,4:19:01 ص 2016/03/01,1,0,Negotiated fare,40٫7299614,-74٫03408813,40٫7299614,-74٫03408813,Credit card,72,0,0٫5,0,0,0٫3,72٫8
257,2,3:16:00 ص 2016/03/01,3:16:09 ص 2016/03/01,1,0,Negotiated fare,40٫76681137,-73٫52636719,40٫76681137,-73٫52636719,Credit card,80,0,0٫5,0,0,0٫3,80٫8
257,2,2:47:54 ص 2016/03/01,2:47:57 ص 2016/03/01,1,0,Negotiated fare,0,0,40٫72502899,-73٫9872818,Credit card,65,0,0,0,0,0٫3,65٫3
257,2,10:41:36 ص 2016/03/10,10:42:11 ص 2016/03/10,1,0,Negotiated fare,40٫76985931,-73٫86431122,40٫77053833,-73٫86530304,Cash,85,0,0,0,0,0٫3,85٫3
257,2,8:01:08 ص 2016/03/10,8:02:46 ص 2016/03/10,1,0,Negotiated fare,40٫89707947,-73٫81371307,40٫89709091,-73٫81371307,Credit card,106,0,0,15,0,0٫3,121٫3
257,2,12:52:15 ص 2016/03/01,12:53:11 ص 2016/03/01,1,0,Negotiated fare,0,0,0,0,Credit card,60,0,0,10,0,0٫3,70٫3
257,2,5:25:22 ص 2016/03/01,5:26:51 ص 2016/03/01,1,0,Negotiated fare,0,0,40٫69095993,-74٫17725372,Credit card,94,0,0٫5,8,0,0٫3,102٫8
257,2,2:20:07 م 2016/03/10,2:20:35 م 2016/03/10,1,0,Negotiated fare,40٫71268845,-74٫35462952,40٫71268845,-74٫35462952,Credit card,122,0,0٫5,0,0,0٫3,122٫8
257,2,2:37:18 ص 2016/03/01,2:37:20 ص 2016/03/01,1,0,Negotiated fare,0,0,0,0,Credit card,75,0,0,0,0,0٫3,75٫3
257,2,9:16:01 ص 2016/03/10,9:17:28 ص 2016/03/10,1,0,Negotiated fare,0,0,0,0,Credit card,65,0,0٫5,2,0,0٫3,67٫8
257,1,1:05:33 ص 2016/03/01,1:05:45 ص 2016/03/01,2,0,JFK,40٫72412109,-73٫98064423,40٫72412109,-73٫98064423,Credit card,52,0,0٫5,15,0,0٫3,67٫8
257,2,2:16:59 م 2016/03/10,2:23:33 م 2016/03/10,1,0,Standard rate,40٫7620697,-73٫96819305,40٫76276016,-73٫97338867,Credit card,5٫5,0,0٫5,1٫26,0,0٫3,7٫56
257,2,9:40:41 ص 2016/03/10,9:46:58 ص 2016/03/10,1,0,Standard rate,40٫75247955,-73٫98222351,40٫76195908,-73٫97281647,Credit card,5٫5,0,0٫5,1٫26,0,0٫3,7٫56
257,2,10:18:21 ص 2016/03/10,10:25:09 ص 2016/03/10,5,0,Standard rate,40٫73015594,-73٫98935699,40٫72992325,-73٫98681641,Credit card,5٫5,0,0٫5,1٫26,0,0٫3,7٫56
257,2,11:38:02 ص 2016/03/10,11:52:44 ص 2016/03/10,1,0,Standard rate,40٫78055954,-73٫98394012,40٫76396179,-73٫9777832,Credit card,9٫5,0,0٫5,3٫09,0,0٫3,13٫39
257,2,1:01:11 ص 2016/03/01,1:01:16 ص 2016/03/01,1,0,Negotiated fare,0,0,40٫82952881,-73٫90680695,Credit card,40,0,0,12٫09,0,0٫3,52٫39
257,2,10:18:11 ص 2016/03/10,10:25:43 ص 2016/03/10,1,0,Standard rate,40٫7253418,-73٫99211884,40٫73591995,-73٫99340057,Credit card,6,0,0٫5,1٫36,0,0٫3,8٫16
257,2,7:20:09 ص 2016/03/10,7:27:54 ص 2016/03/10,5,0,Standard rate,40٫7482605,-73٫97836304,40٫74026108,-73٫97467041,Credit card,6,0,0٫5,1٫36,0,0٫3,8٫16
257,2,9:53:02 ص 2016/03/10,10:05:19 ص 2016/03/10,5,0,Standard rate,40٫74863052,-73٫98851776,40٫76160049,-73٫97100067,Credit card,8٫5,0,0٫5,1٫86,0,0٫3,11٫16
257,2,12:07:01 م 2016/03/10,12:19:56 م 2016/03/10,1,0,Standard rate,40٫77342606,-73٫96000671,40٫75381088,-73٫97283936,Credit card,8٫5,0,0٫5,1٫86,0,0٫3,11٫16
257,2,12:05:30 م 2016/03/10,12:23:26 م 2016/03/10,1,0,Standard rate,40٫77790833,-73٫98197174,40٫76583862,-73٫96305847,Credit card,11,0,0٫5,2٫36,0,0٫3,14٫16
257,2,1:20:52 م 2016/03/10,1:21:59 م 2016/03/10,3,0,Negotiated fare,41٫03477097,-74٫07308197,41٫03474045,-74٫07324219,Credit card,118٫75,0,0٫5,32٫51,10٫5,0٫3,162٫56
257,2,2:02:24 م 2016/03/10,2:02:40 م 2016/03/10,1,0,Negotiated fare,40٫7813797,-73٫95638275,40٫78138733,-73٫95639038,Credit card,8٫03,0,0,2٫08,0,0٫3,10٫41
257,2,8:57:02 ص 2016/03/10,8:57:07 ص 2016/03/10,2,0,Negotiated fare,40٫85992813,-74٫40651703,40٫85992813,-74٫40651703,Credit card,180,0,0,45٫08,0,0٫3,225٫38
257,2,3:44:55 ص 2016/03/01,3:45:16 ص 2016/03/01,1,0,Negotiated fare,40٫78845978,-73٫95535278,40٫78845978,-73٫95535278,Cash,138٫08,0,0,0,0,0٫3,138٫38
257,2,10:23:16 ص 2016/03/10,10:23:28 ص 2016/03/10,1,0,Negotiated fare,40٫85797882,-73٫97624207,40٫85797882,-73٫97624207,Credit card,120,0,0,30٫08,0,0٫3,150٫38
257,2,9:05:15 ص 2016/03/10,9:05:22 ص 2016/03/10,1,0,Negotiated fare,41٫05123901,-73٫53491211,41٫05123901,-73٫53491211,Credit card,224٫29,0,0,44٫92,0,0٫3,269٫51
257,2,12:55:51 م 2016/03/10,12:55:55 م 2016/03/10,1,0,Negotiated fare,0,0,0,0,Credit card,88٫88,0,0٫5,22٫42,0,0٫3,112٫1
257,1,1:22:46 ص 2016/03/01,1:23:18 ص 2016/03/01,1,0,Negotiated fare,40٫76968002,-73٫90997314,40٫76971054,-73٫90995026,Credit card,21٫5,0,0,4٫35,0,0٫3,26٫15
257,2,2:18:53 م 2016/03/10,2:18:57 م 2016/03/10,1,0,Negotiated fare,0,0,40٫68320084,-73٫94481659,Credit card,40,0,0,0,0,0٫3,40٫3
257,2,12:48:40 م 2016/03/10,12:48:42 م 2016/03/10,1,0,Negotiated fare,40٫774086,-73٫87297821,40٫77414322,-73٫87304688,Credit card,50,0,0,0,0,0٫3,50٫3
257,1,5:33:32 ص 2016/03/01,5:33:48 ص 2016/03/01,1,0,Negotiated fare,40٫77403641,-73٫87294006,40٫77406311,-73٫87291718,Credit card,45,0,0,5,0,0٫3,50٫3
257,2,9:13:00 ص 2016/03/10,9:13:41 ص 2016/03/10,1,0,Negotiated fare,40٫7150383,-74٫01611328,40٫7150116,-74٫01618195,Credit card,63٫8,0,0٫5,0,0,0٫3,64٫6
257,2,4:08:05 ص 2016/03/01,4:08:09 ص 2016/03/01,1,0,Negotiated fare,0,0,0,0,Credit card,80٫3,0,0,0,0,0٫3,80٫6
257,2,12:42:11 م 2016/03/10,12:42:52 م 2016/03/10,2,0,Standard rate,0,0,0,0,Cash,1٫5,0,0٫5,0,0,0٫3,2٫3
257,2,10:37:34 ص 2016/03/10,10:38:01 ص 2016/03/10,2,0,Standard rate,0,0,0,0,Cash,1٫5,0,0٫5,0,0,0٫3,2٫3
257,2,12:01:37 م 2016/03/10,12:02:10 م 2016/03/10,2,0,Standard rate,0,0,0,0,Cash,1٫5,0,0٫5,0,0,0٫3,2٫3
257,2,10:05:38 ص 2016/03/10,10:06:08 ص 2016/03/10,2,0,Standard rate,0,0,0,0,Cash,1٫5,0,0٫5,0,0,0٫3,2٫3
257,2,11:30:58 ص 2016/03/10,11:31:50 ص 2016/03/10,2,0,Standard rate,37٫38938904,-121٫9332504,37٫389328,-121٫9332962,Credit card,1٫5,0,0٫5,0,0,0٫3,2٫3
257,2,1:17:39 م 2016/03/10,1:18:24 م 2016/03/10,2,0,Standard rate,0,0,0,0,Cash,1٫5,0,0٫5,0,0,0٫3,2٫3
257,2,11:04:29 ص 2016/03/10,11:05:05 ص 2016/03/10,2,0,Standard rate,0,0,0,0,Cash,1٫5,0,0٫5,0,0,0٫3,2٫3
257,2,12:33:28 م 2016/03/10,12:34:03 م 2016/03/10,2,0,Standard rate,0,0,0,0,Cash,1٫5,0,0٫5,0,0,0٫3,2٫3
257,2,10:29:31 ص 2016/03/10,10:29:57 ص 2016/03/10,2,0,Standard rate,0,0,0,0,Cash,1٫5,0,0٫5,0,0,0٫3,2٫3
257,2,9:59:18 ص 2016/03/10,9:59:42 ص 2016/03/10,2,0,Standard rate,0,0,0,0,Cash,1٫5,0,0٫5,0,0,0٫3,2٫3
257,2,2:07:40 م 2016/03/10,2:13:09 م 2016/03/10,2,0,Standard rate,37٫38941574,-121٫9331512,37٫38948822,-121٫9333267,Cash,2,0,0٫5,0,0,0٫3,2٫8
257,2,1:37:34 م 2016/03/10,1:37:41 م 2016/03/10,2,0,Standard rate,0,0,0,0,Cash,2٫5,0,0٫5,0,0,0٫3,3٫3
257,1,6:07:50 ص 2016/03/01,6:07:50 ص 2016/03/01,1,0,Standard rate,40٫76717758,-73٫9863205,0,0,Cash,2٫5,0,0٫5,0,0,0٫3,3٫3
257,2,10:50:00 ص 2016/03/10,10:50:04 ص 2016/03/10,2,0,Standard rate,0,0,40٫76031876,-73٫97373962,Cash,2٫5,0,0٫5,0,0,0٫3,3٫3
257,2,9:08:22 ص 2016/03/10,9:08:39 ص 2016/03/10,5,0,Standard rate,40٫7756958,-73٫9606781,40٫7756958,-73٫9606781,Cash,2٫5,0,0٫5,0,0,0٫3,3٫3
257,2,6:12:00 ص 2016/03/01,6:12:13 ص 2016/03/01,5,0,Standard rate,40٫76298141,-73٫90222931,40٫76296997,-73٫90222931,Cash,2٫5,0,0٫5,0,0,0٫3,3٫3
257,2,11:14:11 ص 2016/03/10,11:14:56 ص 2016/03/10,3,0,Standard rate,40٫76485825,-73٫93717194,40٫76485825,-73٫93717194,Credit card,2٫5,0,0٫5,0,0,0٫3,3٫3
257,2,8:11:00 ص 2016/03/10,8:11:02 ص 2016/03/10,6,0,Standard rate,0,0,0,0,Cash,2٫5,0,0٫5,0,0,0٫3,3٫3
257,2,6:03:26 ص 2016/03/01,6:03:31 ص 2016/03/01,1,0,Standard rate,40٫77056885,-73٫91755676,40٫76990128,-73٫9183197,Cash,2٫5,0,0٫5,0,0,0٫3,3٫3
257,2,12:10:15 م 2016/03/10,12:10:51 م 2016/03/10,1,0,Standard rate,40٫7646904,-73٫93691254,40٫7646904,-73٫93691254,Credit card,2٫5,0,0٫5,0,0,0٫3,3٫3
257,2,10:31:19 ص 2016/03/10,10:31:22 ص 2016/03/10,2,0,Standard rate,0,0,0,0,Cash,2٫5,0,0٫5,0,0,0٫3,3٫3
257,2,10:57:56 ص 2016/03/10,10:58:08 ص 2016/03/10,2,0,Standard rate,40٫74534988,-73٫98703003,0,0,Cash,2٫5,0,0٫5,0,0,0٫3,3٫3
257,2,1:23:49 م 2016/03/10,1:24:23 م 2016/03/10,1,0,Standard rate,40٫76484299,-73٫93687439,40٫76470566,-73٫93695831,Credit card,2٫5,0,0٫5,0,0,0٫3,3٫3
257,1,5:43:54 ص 2016/03/01,5:44:30 ص 2016/03/01,2,0,Standard rate,40٫75164413,-73٫93405151,40٫75165176,-73٫93403625,Cash,2٫5,0,0٫5,0,0,0٫3,3٫3
257,2,8:06:31 ص 2016/03/10,8:07:17 ص 2016/03/10,1,0,Standard rate,40٫70944977,-74٫00727844,40٫70565033,-74٫00832367,Cash,2٫5,0,0٫5,0,0,0٫3,3٫3
257,2,10:46:47 ص 2016/03/10,10:47:02 ص 2016/03/10,1,0,Standard rate,40٫64469147,-73٫78202057,40٫64487839,-73٫78137207,Cash,2٫5,0,0٫5,0,0,0٫3,3٫3
257,2,8:15:29 ص 2016/03/10,8:15:33 ص 2016/03/10,1,0,Standard rate,0,0,40٫74013901,-73٫98665619,Cash,2٫5,0,0٫5,0,0,0٫3,3٫3
257,2,7:44:01 ص 2016/03/10,7:44:06 ص 2016/03/10,2,0,Standard rate,0,0,40٫78015137,-73٫97688293,Cash,2٫5,0,0٫5,0,0,0٫3,3٫3
257,2,12:43:47 م 2016/03/10,12:43:55 م 2016/03/10,1,0,Standard rate,40٫76467133,-73٫93679047,40٫76465988,-73٫93676758,Cash,2٫5,0,0٫5,0,0,0٫3,3٫3
257,2,2:05:33 م 2016/03/10,2:05:48 م 2016/03/10,2,0,Standard rate,0,0,0,0,Cash,2٫5,0,0٫5,0,0,0٫3,3٫3
257,2,7:46:18 ص 2016/03/10,7:46:22 ص 2016/03/10,6,0,Standard rate,0,0,0,0,Cash,2٫5,0,0٫5,0,0,0٫3,3٫3
257,2,9:07:47 ص 2016/03/10,9:07:54 ص 2016/03/10,5,0,Standard rate,40٫76386642,-73٫90176392,0,0,Cash,2٫5,0,0٫5,0,0,0٫3,3٫3
257,2,9:43:57 ص 2016/03/10,9:47:07 ص 2016/03/10,1,0,Standard rate,40٫78293991,-73٫95696259,40٫78300858,-73٫95691681,Cash,2٫5,0,0٫5,0,0,0٫3,3٫3
257,2,1:05:11 م 2016/03/10,1:05:16 م 2016/03/10,6,0,Standard rate,40٫7240181,-74٫00385284,40٫72402954,-74٫00386047,Cash,2٫5,0,0٫5,0,0,0٫3,3٫3
257,1,6:04:13 ص 2016/03/01,6:04:21 ص 2016/03/01,1,0,Standard rate,40٫75081253,-73٫95002747,40٫75081635,-73٫95001984,Dispute,2٫5,0,0٫5,0,0,0٫3,3٫3
257,2,12:55:55 م 2016/03/10,12:55:55 م 2016/03/10,1,0,Standard rate,40٫75764084,-73٫97796631,40٫76462555,-73٫93698883,Cash,2٫5,0,0٫5,0,0,0٫3,3٫3
257,2,12:36:53 م 2016/03/10,12:37:03 م 2016/03/10,6,0,Standard rate,0,0,0,0,Cash,2٫5,0,0٫5,0,0,0٫3,3٫3
257,2,7:52:57 ص 2016/03/10,7:53:12 ص 2016/03/10,1,0,Standard rate,40٫71756363,-73٫99820709,0,0,Cash,2٫5,0,0٫5,0,0,0٫3,3٫3
257,2,9:35:14 ص 2016/03/10,9:35:23 ص 2016/03/10,1,0,Standard rate,40٫75148773,-73٫98977661,0,0,Cash,2٫5,0,0٫5,0,0,0٫3,3٫3
257,2,7:20:38 ص 2016/03/10,7:21:03 ص 2016/03/10,1,0,Standard rate,40٫75992966,-73٫96497345,40٫75992966,-73٫96497345,Cash,2٫5,0,0٫5,0,0,0٫3,3٫3
257,2,9:21:57 ص 2016/03/10,9:22:18 ص 2016/03/10,1,0,Standard rate,40٫76464081,-73٫93701935,40٫76464081,-73٫93701935,Credit card,2٫5,0,0٫5,0,0,0٫3,3٫3
257,2,2:13:34 م 2016/03/10,2:14:24 م 2016/03/10,1,0,Standard rate,40٫64472961,-73٫7818985,40٫64498138,-73٫78128052,Cash,2٫5,0,0٫5,0,0,0٫3,3٫3
257,2,2:22:45 م 2016/03/10,2:22:47 م 2016/03/10,1,0,Standard rate,0,0,0,0,Cash,2٫5,0,0٫5,0,0,0٫3,3٫3
257,2,8:12:20 ص 2016/03/10,8:12:22 ص 2016/03/10,6,0,Standard rate,0,0,0,0,Cash,2٫5,0,0٫5,0,0,0٫3,3٫3
257,2,8:10:17 ص 2016/03/10,8:10:24 ص 2016/03/10,1,0,Standard rate,0,0,40٫76103973,-73٫9675293,Cash,2٫5,0,0٫5,0,0,0٫3,3٫3
257,2,7:13:33 ص 2016/03/10,8:44:31 ص 2016/03/10,1,0,Standard rate,40٫64638901,-73٫78357697,40٫72549057,-74٫00492859,Cash,2٫5,0,0٫5,0,0,0٫3,3٫3
257,2,12:03:14 م 2016/03/10,12:03:25 م 2016/03/10,6,0,Standard rate,40٫6449585,-73٫77690125,40٫6449585,-73٫77690125,Cash,2٫5,0,0٫5,0,0,0٫3,3٫3
257,2,1:53:53 م 2016/03/10,1:54:06 م 2016/03/10,5,0,Standard rate,40٫71493149,-74٫01609039,40٫71546936,-74٫01580048,Cash,2٫5,0,0٫5,0,0,0٫3,3٫3
257,2,7:48:16 ص 2016/03/10,7:48:53 ص 2016/03/10,1,0,Standard rate,40٫64474106,-73٫78188324,40٫64474106,-73٫78188324,Cash,2٫5,0,0٫5,0,0,0٫3,3٫3
257,2,8:51:08 ص 2016/03/10,8:51:28 ص 2016/03/10,1,0,Standard rate,40٫7621727,-73٫97225952,40٫76236343,-73٫97214508,Cash,2٫5,0,0٫5,0,0,0٫3,3٫3
257,2,1:41:09 م 2016/03/10,1:41:34 م 2016/03/10,6,0,Standard rate,40٫75024033,-73٫94419861,40٫75021362,-73٫94425201,Cash,2٫5,0,0٫5,0,0,0٫3,3٫3
257,2,1:30:10 م 2016/03/10,1:30:11 م 2016/03/10,1,0,Standard rate,40٫74932861,-73٫98262787,40٫74863815,-73٫98113251,Cash,2٫5,0,0٫5,0,0,0٫3,3٫3
257,2,8:49:46 ص 2016/03/10,8:49:57 ص 2016/03/10,1,0,Standard rate,40٫76506805,-73٫96133423,40٫76486206,-73٫96124268,Cash,2٫5,0,0٫5,0,0,0٫3,3٫3
257,2,9:28:21 ص 2016/03/10,9:28:27 ص 2016/03/10,1,0,Standard rate,40٫7646904,-73٫93695831,40٫76465607,-73٫93696594,Cash,2٫5,0,0٫5,0,0,0٫3,3٫3
257,2,1:45:59 م 2016/03/10,1:46:02 م 2016/03/10,6,0,Standard rate,0,0,40٫77389908,-73٫87111664,Cash,2٫5,0,0٫5,0,0,0٫3,3٫3
257,1,6:08:36 ص 2016/03/01,6:08:48 ص 2016/03/01,1,0,Standard rate,40٫71135712,-73٫95597076,40٫71088791,-73٫95627594,No charge,2٫5,0,0٫5,0,0,0٫3,3٫3
257,2,1:56:24 م 2016/03/10,1:56:40 م 2016/03/10,5,0,Standard rate,0,0,0,0,Cash,2٫5,0,0٫5,0,0,0٫3,3٫3
257,2,11:40:45 ص 2016/03/10,11:40:53 ص 2016/03/10,1,0,Standard rate,40٫64700699,-73٫79000854,40٫64689636,-73٫79006195,Cash,2٫5,0,0٫5,0,0,0٫3,3٫3
257,2,1:46:51 م 2016/03/10,1:47:16 م 2016/03/10,1,0,Standard rate,40٫78860855,-73٫94903564,40٫78860855,-73٫94903564,Cash,2٫5,0,0٫5,0,0,0٫3,3٫3
257,2,11:17:41 ص 2016/03/10,11:17:48 ص 2016/03/10,1,0,Standard rate,0,0,0,0,Cash,2٫5,0,0٫5,0,0,0٫3,3٫3
257,2,10:53:10 ص 2016/03/10,10:53:15 ص 2016/03/10,1,0,Standard rate,0,0,0,0,Cash,2٫5,0,0٫5,0,0,0٫3,3٫3
257,2,8:16:04 ص 2016/03/10,8:16:16 ص 2016/03/10,1,0,Standard rate,0,0,40٫76097107,-73٫99475098,Cash,2٫5,0,0٫5,0,0,0٫3,3٫3
257,2,9:49:01 ص 2016/03/10,9:49:34 ص 2016/03/10,5,0,Standard rate,40٫75725937,-73٫98990631,40٫75833893,-73٫98915863,Cash,2٫5,0,0٫5,0,0,0٫3,3٫3
257,2,9:37:55 ص 2016/03/10,9:38:06 ص 2016/03/10,1,0,Standard rate,40٫75246048,-73٫93894958,0,0,Cash,2٫5,0,0٫5,0,0,0٫3,3٫3
257,2,9:26:16 ص 2016/03/10,9:26:30 ص 2016/03/10,1,0,Standard rate,40٫76212692,-73٫97857666,0,0,Cash,2٫5,0,0٫5,0,0,0٫3,3٫3
257,2,1:08:01 م 2016/03/10,1:08:09 م 2016/03/10,2,0,Standard rate,40٫75435638,-73٫9803772,0,0,Cash,2٫5,0,0٫5,0,0,0٫3,3٫3
257,2,12:56:17 م 2016/03/10,12:56:20 م 2016/03/10,1,0,Standard rate,0,0,40٫74168015,-74٫00437164,Cash,2٫5,0,0٫5,0,0,0٫3,3٫3
257,2,11:14:16 ص 2016/03/10,11:39:40 ص 2016/03/10,1,0,Standard rate,40٫75882339,-73٫97225189,40٫75642395,-73٫99371338,Cash,2٫5,0,0٫5,0,0,0٫3,3٫3
257,2,8:00:17 ص 2016/03/10,8:00:22 ص 2016/03/10,2,0,Standard rate,0,0,0,0,Cash,2٫5,0,0٫5,0,0,0٫3,3٫3
257,2,12:54:07 م 2016/03/10,12:54:18 م 2016/03/10,2,0,Standard rate,40٫75662231,-73٫98614502,0,0,Cash,2٫5,0,0٫5,0,0,0٫3,3٫3
257,2,1:55:04 م 2016/03/10,1:55:22 م 2016/03/10,1,0,Standard rate,40٫74945068,-73٫98374176,40٫74945068,-73٫98374176,Cash,2٫5,0,0٫5,0,0,0٫3,3٫3
257,2,10:34:21 ص 2016/03/10,10:34:26 ص 2016/03/10,1,0,Standard rate,0,0,0,0,Cash,2٫5,0,0٫5,0,0,0٫3,3٫3
257,2,6:00:07 ص 2016/03/01,6:00:11 ص 2016/03/01,1,0,Standard rate,0,0,0,0,Cash,2٫5,0,0٫5,0,0,0٫3,3٫3
257,2,10:11:26 ص 2016/03/10,10:11:37 ص 2016/03/10,1,0,Standard rate,40٫83768845,-73٫92144775,40٫83768845,-73٫92144775,Cash,2٫5,0,0٫5,0,0,0٫3,3٫3
257,2,11:19:41 ص 2016/03/10,11:19:48 ص 2016/03/10,1,0,Standard rate,40٫76471329,-73٫93675995,0,0,Cash,2٫5,0,0٫5,0,0,0٫3,3٫3
257,2,7:44:24 ص 2016/03/10,7:45:25 ص 2016/03/10,1,0,Standard rate,0,0,40٫76454926,-73٫9367218,Cash,2٫5,0,0٫5,0,0,0٫3,3٫3
257,2,10:31:25 ص 2016/03/10,10:32:10 ص 2016/03/10,1,0,Standard rate,40٫76989746,-73٫86338043,40٫76989746,-73٫86338043,Cash,2٫5,0,0٫5,0,0,0٫3,3٫3
257,2,1:20:58 ص 2016/03/01,1:21:00 ص 2016/03/01,1,0,Negotiated fare,0,0,40٫84851074,-73٫93808746,Credit card,3,0,0,0,0,0٫3,3٫3
257,2,8:31:07 ص 2016/03/10,8:31:16 ص 2016/03/10,1,0,Standard rate,40٫75201797,-73٫97748566,0,0,Cash,2٫5,0,0٫5,0,0,0٫3,3٫3
257,2,1:38:30 م 2016/03/10,1:38:41 م 2016/03/10,6,0,Standard rate,40٫75019836,-73٫9443512,0,0,Cash,2٫5,0,0٫5,0,0,0٫3,3٫3
257,2,11:50:40 ص 2016/03/10,11:50:40 ص 2016/03/10,1,0,Standard rate,0,0,40٫76838684,-73٫86254883,Cash,2٫5,0,0٫5,0,0,0٫3,3٫3
257,2,7:15:34 ص 2016/03/10,7:15:36 ص 2016/03/10,5,0,Standard rate,0,0,40٫76403046,-73٫90209961,Cash,2٫5,0,0٫5,0,0,0٫3,3٫3
257,2,8:23:10 ص 2016/03/10,8:36:56 ص 2016/03/10,1,0,Standard rate,40٫75786591,-73٫96962738,40٫76701355,-73٫95370483,Cash,2٫5,0,0٫5,0,0,0٫3,3٫3
257,2,10:20:54 ص 2016/03/10,10:21:29 ص 2016/03/10,1,0,Standard rate,40٫77455521,-73٫98844147,40٫77450562,-73٫98848724,Cash,2٫5,0,0٫5,0,0,0٫3,3٫3
257,2,11:01:53 ص 2016/03/10,11:02:20 ص 2016/03/10,1,0,Standard rate,40٫76139069,-73٫96958923,40٫76156998,-73٫97029114,Cash,2٫5,0,0٫5,0,0,0٫3,3٫3
257,2,2:22:56 م 2016/03/10,2:23:18 م 2016/03/10,1,0,Standard rate,40٫75528717,-73٫97782135,40٫75522614,-73٫97733307,Cash,2٫5,0,0٫5,0,0,0٫3,3٫3
257,2,10:58:02 ص 2016/03/10,10:58:15 ص 2016/03/10,2,0,Standard rate,40٫75521851,-73٫97757721,40٫75521851,-73٫97757721,Cash,2٫5,0,0٫5,0,0,0٫3,3٫3
257,2,1:53:53 م 2016/03/10,1:54:06 م 2016/03/10,5,0,Standard rate,40٫71493149,-74٫01609039,40٫71546936,-74٫01580048,Dispute,-2٫5,0,-0٫5,0,0,-0٫3,-3٫3
257,2,11:19:41 ص 2016/03/10,11:19:48 ص 2016/03/10,1,0,Standard rate,40٫76471329,-73٫93675995,0,0,Dispute,-2٫5,0,-0٫5,0,0,-0٫3,-3٫3
257,2,7:44:24 ص 2016/03/10,7:45:25 ص 2016/03/10,1,0,Standard rate,0,0,40٫76454926,-73٫9367218,Dispute,-2٫5,0,-0٫5,0,0,-0٫3,-3٫3
257,2,1:41:09 م 2016/03/10,1:41:34 م 2016/03/10,6,0,Standard rate,40٫75024033,-73٫94419861,40٫75021362,-73٫94425201,No charge,-2٫5,0,-0٫5,0,0,-0٫3,-3٫3
257,2,9:49:01 ص 2016/03/10,9:49:34 ص 2016/03/10,5,0,Standard rate,40٫75725937,-73٫98990631,40٫75833893,-73٫98915863,No charge,-2٫5,0,-0٫5,0,0,-0٫3,-3٫3
257,2,7:13:33 ص 2016/03/10,8:44:31 ص 2016/03/10,1,0,Standard rate,40٫64638901,-73٫78357697,40٫72549057,-74٫00492859,No charge,-2٫5,0,-0٫5,0,0,-0٫3,-3٫3
257,2,6:03:26 ص 2016/03/01,6:03:31 ص 2016/03/01,1,0,Standard rate,40٫77056885,-73٫91755676,40٫76990128,-73٫9183197,No charge,-2٫5,0,-0٫5,0,0,-0٫3,-3٫3
257,2,1:30:10 م 2016/03/10,1:30:11 م 2016/03/10,1,0,Standard rate,40٫74932861,-73٫98262787,40٫74863815,-73٫98113251,Dispute,-2٫5,0,-0٫5,0,0,-0٫3,-3٫3
257,2,11:17:41 ص 2016/03/10,11:17:48 ص 2016/03/10,1,0,Standard rate,0,0,0,0,Dispute,-2٫5,0,-0٫5,0,0,-0٫3,-3٫3
257,2,12:08:00 ص 2016/03/01,12:08:05 ص 2016/03/01,3,0,Standard rate,0,0,0,0,Cash,2٫5,0٫5,0٫5,0,0,0٫3,3٫8
257,2,5:14:20 ص 2016/03/01,5:15:11 ص 2016/03/01,1,0,Standard rate,40٫80620956,-73٫94673157,40٫80620956,-73٫94673157,Cash,2٫5,0٫5,0٫5,0,0,0٫3,3٫8
257,1,5:56:55 ص 2016/03/01,5:57:50 ص 2016/03/01,1,0,Standard rate,40٫7624588,-73٫9678421,40٫76202774,-73٫96810913,No charge,2٫5,0٫5,0٫5,0,0,0٫3,3٫8
257,1,4:47:08 ص 2016/03/01,4:47:42 ص 2016/03/01,1,0,Standard rate,40٫78063583,-73٫95256805,40٫78063583,-73٫95256805,Dispute,2٫5,0٫5,0٫5,0,0,0٫3,3٫8
257,1,4:58:09 ص 2016/03/01,5:00:37 ص 2016/03/01,1,0,Standard rate,40٫76591873,-73٫97686005,40٫76592636,-73٫97685242,Cash,2٫5,0٫5,0٫5,0,0,0٫3,3٫8
257,2,5:23:47 ص 2016/03/01,5:23:56 ص 2016/03/01,5,0,Standard rate,40٫74985886,-73٫97914124,40٫74914169,-73٫97969055,Cash,2٫5,0٫5,0٫5,0,0,0٫3,3٫8
257,1,5:14:36 ص 2016/03/01,5:14:49 ص 2016/03/01,1,0,Standard rate,40٫74988556,-73٫94285583,40٫74988556,-73٫94285583,Cash,2٫5,0٫5,0٫5,0,0,0٫3,3٫8
257,1,12:16:17 ص 2016/03/01,12:16:23 ص 2016/03/01,1,0,Standard rate,40٫75154114,-73٫94527435,40٫75154114,-73٫94527435,Cash,2٫5,0٫5,0٫5,0,0,0٫3,3٫8
257,1,12:20:08 ص 2016/03/01,12:20:42 ص 2016/03/01,1,0,Standard rate,40٫75154114,-73٫94527435,40٫75154114,-73٫94527435,Cash,2٫5,0٫5,0٫5,0,0,0٫3,3٫8
257,1,12:24:39 ص 2016/03/01,12:24:42 ص 2016/03/01,1,0,Standard rate,40٫75154114,-73٫94527435,40٫75154114,-73٫94527435,No charge,2٫5,0٫5,0٫5,0,0,0٫3,3٫8
257,1,5:45:30 ص 2016/03/01,5:45:48 ص 2016/03/01,1,0,Standard rate,40٫76324463,-73٫9828186,40٫76322556,-73٫9828186,No charge,2٫5,0٫5,0٫5,0,0,0٫3,3٫8
257,2,1:13:33 م 2016/03/10,1:14:57 م 2016/03/10,1,0,Standard rate,40٫76486969,-73٫93710327,40٫76498032,-73٫93717194,Credit card,3,0,0٫5,0,0,0٫3,3٫8
257,2,9:27:53 ص 2016/03/10,9:29:18 ص 2016/03/10,1,0,Standard rate,40٫76131821,-73٫99571228,40٫7614212,-73٫9957428,Cash,3,0,0٫5,0,0,0٫3,3٫8
257,2,11:37:40 ص 2016/03/10,11:39:00 ص 2016/03/10,1,0,Standard rate,40٫74186707,-74٫0042572,40٫74188232,-74٫0043869,Cash,3,0,0٫5,0,0,0٫3,3٫8
257,2,5:11:56 ص 2016/03/01,5:12:03 ص 2016/03/01,5,0,Standard rate,40٫75400162,-73٫88126373,40٫75400162,-73٫88126373,Cash,2٫5,0٫5,0٫5,0,0,0٫3,3٫8
257,1,5:43:57 ص 2016/03/01,5:44:58 ص 2016/03/01,1,0,Standard rate,40٫64456177,-73٫78195953,40٫64466476,-73٫78175354,Cash,3,0,0٫5,0,0,0٫3,3٫8
257,2,7:11:55 ص 2016/03/10,7:13:17 ص 2016/03/10,5,0,Standard rate,40٫76422119,-73٫90211487,40٫76423264,-73٫90207672,Cash,3,0,0٫5,0,0,0٫3,3٫8
257,1,12:15:13 ص 2016/03/01,12:15:26 ص 2016/03/01,1,0,Standard rate,40٫75154114,-73٫94527435,40٫75154114,-73٫94527435,Cash,2٫5,0٫5,0٫5,0,0,0٫3,3٫8
257,2,12:05:48 ص 2016/03/01,12:05:52 ص 2016/03/01,1,0,Standard rate,0,0,0,0,Cash,2٫5,0٫5,0٫5,0,0,0٫3,3٫8
257,1,2:29:01 ص 2016/03/01,2:29:12 ص 2016/03/01,1,0,Standard rate,40٫65692139,-73٫79433441,40٫65692139,-73٫79433441,Cash,2٫5,0٫5,0٫5,0,0,0٫3,3٫8
257,1,3:54:00 ص 2016/03/01,3:54:05 ص 2016/03/01,1,0,Standard rate,40٫60476303,-73٫97429657,40٫60476685,-73٫97429657,Cash,2٫5,0٫5,0٫5,0,0,0٫3,3٫8
257,1,5:48:25 ص 2016/03/01,5:48:29 ص 2016/03/01,1,0,Standard rate,40٫76198578,-73٫99206543,40٫76200485,-73٫9920578,Cash,2٫5,0٫5,0٫5,0,0,0٫3,3٫8
257,1,12:57:16 ص 2016/03/01,12:57:16 ص 2016/03/01,4,0,Standard rate,40٫81051636,-73٫96204376,0,0,Cash,2٫5,0٫5,0٫5,0,0,0٫3,3٫8
257,2,2:25:36 ص 2016/03/01,2:26:03 ص 2016/03/01,1,0,Standard rate,40٫66094971,-73٫92066193,40٫66094971,-73٫92066193,Cash,2٫5,0٫5,0٫5,0,0,0٫3,3٫8
257,2,11:39:16 ص 2016/03/10,11:42:03 ص 2016/03/10,6,0,Standard rate,40٫76459885,-73٫97976685,40٫76472855,-73٫98195648,Cash,3,0,0٫5,0,0,0٫3,3٫8
257,2,1:25:41 ص 2016/03/01,1:25:49 ص 2016/03/01,6,0,Standard rate,40٫76972961,-73٫98935699,40٫76982117,-73٫98931885,Cash,2٫5,0٫5,0٫5,0,0,0٫3,3٫8
257,1,3:25:38 ص 2016/03/01,3:25:44 ص 2016/03/01,1,0,Standard rate,40٫65631485,-73٫79432678,40٫65631485,-73٫79432678,Cash,2٫5,0٫5,0٫5,0,0,0٫3,3٫8
257,2,12:31:02 ص 2016/03/01,12:31:08 ص 2016/03/01,2,0,Standard rate,0,0,0,0,Cash,2٫5,0٫5,0٫5,0,0,0٫3,3٫8
257,1,5:44:48 ص 2016/03/01,5:45:14 ص 2016/03/01,1,0,Standard rate,40٫75143814,-73٫94540405,40٫75144577,-73٫94541168,Cash,2٫5,0٫5,0٫5,0,0,0٫3,3٫8
257,2,11:43:15 ص 2016/03/10,11:45:54 ص 2016/03/10,3,0,Standard rate,40٫76390076,-73٫90181732,40٫76388931,-73٫90180206,Cash,3,0,0٫5,0,0,0٫3,3٫8
257,1,12:38:33 ص 2016/03/01,12:38:35 ص 2016/03/01,1,0,Standard rate,40٫70033646,-73٫90395355,40٫70033646,-73٫90395355,Cash,2٫5,0٫5,0٫5,0,0,0٫3,3٫8
257,2,12:57:07 ص 2016/03/01,12:57:23 ص 2016/03/01,1,0,Standard rate,40٫75805664,-73٫9799118,40٫75804138,-73٫97989655,Cash,2٫5,0٫5,0٫5,0,0,0٫3,3٫8
257,1,4:47:37 ص 2016/03/01,4:47:58 ص 2016/03/01,1,0,Standard rate,40٫73886871,-73٫99952698,40٫73946762,-74٫00115204,Cash,2٫5,0٫5,0٫5,0,0,0٫3,3٫8
257,1,4:01:23 ص 2016/03/01,4:01:51 ص 2016/03/01,1,0,Standard rate,40٫76290894,-73٫97188568,40٫76290894,-73٫97188568,Cash,2٫5,0٫5,0٫5,0,0,0٫3,3٫8
257,2,11:57:39 ص 2016/03/10,11:59:24 ص 2016/03/10,2,0,Standard rate,40٫7857933,-73٫95103455,40٫77940369,-73٫9556427,Cash,3,0,0٫5,0,0,0٫3,3٫8
257,2,12:10:00 ص 2016/03/01,12:10:04 ص 2016/03/01,1,0,Standard rate,40٫75687408,-73٫98977661,40٫75677109,-73٫98988342,Cash,2٫5,0٫5,0٫5,0,0,0٫3,3٫8
257,1,2:39:33 ص 2016/03/01,2:39:40 ص 2016/03/01,1,0,Standard rate,40٫72578049,-73٫98378754,40٫72612,-73٫98347473,No charge,2٫5,0٫5,0٫5,0,0,0٫3,3٫8
257,1,5:06:27 ص 2016/03/01,5:06:35 ص 2016/03/01,1,0,Standard rate,40٫77816391,-73٫94869232,40٫77813721,-73٫94863129,No charge,2٫5,0٫5,0٫5,0,0,0٫3,3٫8
257,2,8:11:10 ص 2016/03/10,8:12:31 ص 2016/03/10,1,0,Standard rate,40٫7638588,-73٫90193939,40٫76385117,-73٫90196228,Cash,3,0,0٫5,0,0,0٫3,3٫8
257,2,3:33:52 ص 2016/03/01,3:34:01 ص 2016/03/01,5,0,Standard rate,40٫74081039,-74٫0049057,40٫74214172,-74٫00791168,Cash,2٫5,0٫5,0٫5,0,0,0٫3,3٫8
257,1,12:02:17 ص 2016/03/01,12:02:22 ص 2016/03/01,1,0,Standard rate,40٫67470169,-73٫99958038,40٫67469788,-73٫99958038,No charge,2٫5,0٫5,0٫5,0,0,0٫3,3٫8
257,2,12:30:07 ص 2016/03/01,12:30:26 ص 2016/03/01,2,0,Standard rate,0,0,0,0,Cash,2٫5,0٫5,0٫5,0,0,0٫3,3٫8
257,1,2:19:36 ص 2016/03/01,2:20:02 ص 2016/03/01,1,0,Standard rate,40٫75794601,-73٫97106934,40٫75782013,-73٫9710083,No charge,2٫5,0٫5,0٫5,0,0,0٫3,3٫8
257,1,12:18:42 ص 2016/03/01,12:19:12 ص 2016/03/01,1,0,Standard rate,40٫75154114,-73٫94527435,40٫75154114,-73٫94527435,Cash,2٫5,0٫5,0٫5,0,0,0٫3,3٫8
257,1,12:17:00 ص 2016/03/01,12:17:11 ص 2016/03/01,1,0,Standard rate,40٫7336998,-73٫9879303,40٫7336998,-73٫9879303,Cash,2٫5,0٫5,0٫5,0,0,0٫3,3٫8
257,1,12:47:43 ص 2016/03/01,12:47:45 ص 2016/03/01,1,0,Standard rate,40٫71788025,-73٫95555115,40٫71788025,-73٫95555115,Cash,2٫5,0٫5,0٫5,0,0,0٫3,3٫8
257,1,12:52:37 ص 2016/03/01,12:52:59 ص 2016/03/01,1,0,Standard rate,40٫75653458,-73٫96814728,40٫75632095,-73٫96791077,Cash,2٫5,0٫5,0٫5,0,0,0٫3,3٫8
257,1,2:42:49 ص 2016/03/01,2:42:57 ص 2016/03/01,1,0,Standard rate,40٫7515564,-73٫94502258,40٫7515564,-73٫94500732,Cash,2٫5,0٫5,0٫5,0,0,0٫3,3٫8
257,1,4:58:10 ص 2016/03/01,4:59:06 ص 2016/03/01,1,0,Standard rate,40٫81085587,-73٫93030548,40٫81086731,-73٫93032074,Cash,2٫5,0٫5,0٫5,0,0,0٫3,3٫8
257,1,2:36:27 ص 2016/03/01,2:36:27 ص 2016/03/01,1,0,Standard rate,0,0,0,0,Cash,2٫5,0٫5,0٫5,0,0,0٫3,3٫8
257,1,12:19:34 ص 2016/03/01,12:19:53 ص 2016/03/01,1,0,Standard rate,40٫75154114,-73٫94527435,40٫75154114,-73٫94527435,Cash,2٫5,0٫5,0٫5,0,0,0٫3,3٫8
257,1,12:20:57 ص 2016/03/01,12:21:14 ص 2016/03/01,1,0,Standard rate,40٫75154114,-73٫94527435,40٫75154114,-73٫94527435,Cash,2٫5,0٫5,0٫5,0,0,0٫3,3٫8
257,2,1:47:33 ص 2016/03/01,1:47:58 ص 2016/03/01,1,0,Standard rate,40٫7509613,-73٫99381256,40٫75105667,-73٫99375153,Cash,2٫5,0٫5,0٫5,0,0,0٫3,3٫8
257,1,1:44:03 ص 2016/03/01,1:44:03 ص 2016/03/01,2,0,Standard rate,40٫72423553,-73٫99706268,0,0,Cash,2٫5,0٫5,0٫5,0,0,0٫3,3٫8
257,2,12:08:36 ص 2016/03/01,12:08:41 ص 2016/03/01,1,0,Standard rate,40٫76471329,-73٫93682861,40٫76469421,-73٫93683624,Cash,2٫5,0٫5,0٫5,0,0,0٫3,3٫8
257,1,12:42:12 ص 2016/03/01,12:42:59 ص 2016/03/01,1,0,Standard rate,40٫73901749,-73٫99449158,40٫7390213,-73٫99449158,Cash,2٫5,0٫5,0٫5,0,0,0٫3,3٫8
257,2,12:06:54 ص 2016/03/01,12:07:11 ص 2016/03/01,2,0,Standard rate,40٫64509583,-73٫7869339,40٫64509583,-73٫7869339,Cash,2٫5,0٫5,0٫5,0,0,0٫3,3٫8
257,1,5:44:50 ص 2016/03/01,5:45:27 ص 2016/03/01,1,0,Standard rate,40٫75617981,-73٫99035645,40٫75716782,-73٫98959351,No charge,2٫5,0٫5,0٫5,0,0,0٫3,3٫8
257,1,1:26:24 ص 2016/03/01,1:27:20 ص 2016/03/01,2,0,Standard rate,40٫72631836,-73٫98332977,40٫72650146,-73٫9842453,No charge,2٫5,0٫5,0٫5,0,0,0٫3,3٫8
257,2,5:47:52 ص 2016/03/01,5:47:56 ص 2016/03/01,6,0,Standard rate,0,0,40٫83710861,-73٫86148834,Cash,2٫5,0٫5,0٫5,0,0,0٫3,3٫8
257,1,3:33:52 ص 2016/03/01,3:34:53 ص 2016/03/01,2,0,Standard rate,40٫8270874,-73٫88736725,40٫8270874,-73٫88696289,Cash,2٫5,0٫5,0٫5,0,0,0٫3,3٫8
257,2,2:20:15 م 2016/03/10,2:22:02 م 2016/03/10,1,0,Standard rate,40٫75203323,-73٫97887421,40٫75211716,-73٫97900391,Cash,3,0,0٫5,0,0,0٫3,3٫8
257,1,12:34:24 ص 2016/03/01,12:34:49 ص 2016/03/01,1,0,Standard rate,40٫7584343,-73٫98908234,40٫75858688,-73٫98899841,Credit card,2٫5,0٫5,0٫5,0,0,0٫3,3٫8
257,1,2:03:19 ص 2016/03/01,2:04:10 ص 2016/03/01,1,0,Standard rate,40٫81064606,-73٫95429993,40٫81064987,-73٫95429993,Cash,2٫5,0٫5,0٫5,0,0,0٫3,3٫8
257,1,3:39:03 ص 2016/03/01,3:39:50 ص 2016/03/01,1,0,Standard rate,40٫76972961,-73٫96287537,40٫76915741,-73٫96309662,No charge,2٫5,0٫5,0٫5,0,0,0٫3,3٫8
257,1,5:13:33 ص 2016/03/01,5:14:51 ص 2016/03/01,2,0,Standard rate,40٫72267151,-73٫99697876,40٫7224617,-73٫99707794,Dispute,2٫5,0٫5,0٫5,0,0,0٫3,3٫8
257,2,12:59:20 م 2016/03/10,1:00:41 م 2016/03/10,1,0,Standard rate,40٫76456833,-73٫9369812,40٫76453781,-73٫9369278,Credit card,3,0,0٫5,0,0,0٫3,3٫8
257,2,7:53:20 ص 2016/03/10,7:55:02 ص 2016/03/10,5,0,Standard rate,40٫76441193,-73٫90195465,40٫76447678,-73٫90193939,Cash,3,0,0٫5,0,0,0٫3,3٫8
257,1,12:21:30 ص 2016/03/01,12:21:54 ص 2016/03/01,1,0,Standard rate,40٫75154114,-73٫94527435,40٫75154114,-73٫94527435,Cash,2٫5,0٫5,0٫5,0,0,0٫3,3٫8
257,2,1:49:23 ص 2016/03/01,1:49:52 ص 2016/03/01,1,0,Standard rate,40٫79124069,-73٫94486237,40٫79133606,-73٫9447937,Cash,2٫5,0٫5,0٫5,0,0,0٫3,3٫8
257,2,3:48:36 ص 2016/03/01,3:49:05 ص 2016/03/01,1,0,Standard rate,40٫76002884,-73٫98987579,40٫75997162,-73٫98991394,Cash,2٫5,0٫5,0٫5,0,0,0٫3,3٫8
257,1,4:04:51 ص 2016/03/01,4:05:21 ص 2016/03/01,1,0,Standard rate,40٫65637589,-73٫79386902,40٫65637589,-73٫79386902,Cash,2٫5,0٫5,0٫5,0,0,0٫3,3٫8
257,2,1:37:58 ص 2016/03/01,1:38:03 ص 2016/03/01,2,0,Standard rate,0,0,0,0,Cash,2٫5,0٫5,0٫5,0,0,0٫3,3٫8
257,1,12:22:08 ص 2016/03/01,12:22:26 ص 2016/03/01,1,0,Standard rate,40٫75154114,-73٫94527435,40٫75154114,-73٫94527435,Cash,2٫5,0٫5,0٫5,0,0,0٫3,3٫8
257,2,12:03:04 ص 2016/03/01,12:03:22 ص 2016/03/01,5,0,Standard rate,0,0,0,0,Cash,2٫5,0٫5,0٫5,0,0,0٫3,3٫8
257,2,1:12:18 ص 2016/03/01,1:13:37 ص 2016/03/01,1,0,Standard rate,40٫76932526,-73٫99198151,40٫76945114,-73٫99196625,Cash,2٫5,0٫5,0٫5,0,0,0٫3,3٫8
257,1,4:43:31 ص 2016/03/01,4:43:34 ص 2016/03/01,1,0,Standard rate,40٫74398804,-73٫99557495,40٫74401093,-73٫99558258,No charge,2٫5,0٫5,0٫5,0,0,0٫3,3٫8
257,2,12:16:42 ص 2016/03/01,12:17:54 ص 2016/03/01,1,0,Standard rate,40٫77124786,-73٫95046234,40٫77125549,-73٫95048523,Cash,2٫5,0٫5,0٫5,0,0,0٫3,3٫8
257,1,12:38:58 ص 2016/03/01,12:39:27 ص 2016/03/01,1,0,Standard rate,40٫75143814,-73٫94539642,40٫75143814,-73٫94539642,Cash,2٫5,0٫5,0٫5,0,0,0٫3,3٫8
257,1,12:11:21 ص 2016/03/01,12:11:21 ص 2016/03/01,1,0,Standard rate,40٫7515564,-73٫94494629,0,0,Cash,2٫5,0٫5,0٫5,0,0,0٫3,3٫8
257,1,12:16:27 ص 2016/03/01,12:16:30 ص 2016/03/01,1,0,Standard rate,40٫64535904,-73٫7766571,40٫64537811,-73٫7766571,Cash,2٫5,0٫5,0٫5,0,0,0٫3,3٫8
257,1,5:17:17 ص 2016/03/01,5:17:19 ص 2016/03/01,1,0,Standard rate,40٫75043106,-73٫95115662,40٫75043106,-73٫95116425,No charge,2٫5,0٫5,0٫5,0,0,0٫3,3٫8
257,2,12:40:16 ص 2016/03/01,12:40:18 ص 2016/03/01,5,0,Standard rate,0,0,40٫64472961,-73٫78185272,Cash,2٫5,0٫5,0٫5,0,0,0٫3,3٫8
257,1,4:37:16 ص 2016/03/01,4:38:27 ص 2016/03/01,1,0,Standard rate,40٫8008194,-73٫95828247,40٫80018997,-73٫95915985,Cash,2٫5,0٫5,0٫5,0,0,0٫3,3٫8
257,1,12:53:31 ص 2016/03/01,12:53:48 ص 2016/03/01,1,0,Standard rate,40٫64448547,-73٫78244781,40٫64480209,-73٫78192902,Cash,2٫5,0٫5,0٫5,0,0,0٫3,3٫8
257,2,4:20:18 ص 2016/03/01,4:20:24 ص 2016/03/01,1,0,Standard rate,40٫75694275,-73٫98990631,40٫75824356,-73٫98803711,Cash,2٫5,0٫5,0٫5,0,0,0٫3,3٫8
257,1,5:04:31 ص 2016/03/01,5:04:45 ص 2016/03/01,1,0,Standard rate,40٫74497986,-73٫92604828,40٫74497986,-73٫92604828,Cash,2٫5,0٫5,0٫5,0,0,0٫3,3٫8
257,2,5:54:21 ص 2016/03/01,5:54:23 ص 2016/03/01,6,0,Standard rate,0,0,40٫7612381,-73٫99578857,Cash,2٫5,0٫5,0٫5,0,0,0٫3,3٫8
257,1,12:08:10 ص 2016/03/01,12:08:37 ص 2016/03/01,1,0,Standard rate,40٫76044846,-73٫97337341,40٫76034927,-73٫97215271,Cash,2٫5,0٫5,0٫5,0,0,0٫3,3٫8
257,1,1:01:26 ص 2016/03/01,1:02:37 ص 2016/03/01,1,0,Standard rate,40٫76102829,-73٫99052429,40٫76065826,-73٫99134827,No charge,2٫5,0٫5,0٫5,0,0,0٫3,3٫8
257,2,2:40:43 ص 2016/03/01,2:40:50 ص 2016/03/01,1,0,Standard rate,40٫82707214,-73٫94639587,0,0,Cash,2٫5,0٫5,0٫5,0,0,0٫3,3٫8
257,1,5:34:00 ص 2016/03/01,5:34:12 ص 2016/03/01,1,0,Standard rate,40٫74987411,-73٫94377136,40٫74991989,-73٫94402313,Cash,2٫5,0٫5,0٫5,0,0,0٫3,3٫8
257,1,3:20:27 ص 2016/03/01,3:20:43 ص 2016/03/01,1,0,Standard rate,40٫80903625,-73٫92976379,40٫80755997,-73٫93223572,No charge,2٫5,0٫5,0٫5,0,0,0٫3,3٫8
257,1,4:29:01 ص 2016/03/01,4:29:29 ص 2016/03/01,1,0,Standard rate,40٫72615433,-74٫00153351,40٫72657394,-74٫00209045,No charge,2٫5,0٫5,0٫5,0,0,0٫3,3٫8
257,2,2:19:22 م 2016/03/10,2:20:41 م 2016/03/10,1,0,Standard rate,40٫76369858,-73٫90216827,40٫76372147,-73٫90225983,Cash,3,0,0٫5,0,0,0٫3,3٫8
257,2,11:42:44 ص 2016/03/10,11:44:30 ص 2016/03/10,1,0,Standard rate,40٫76374054,-73٫90225983,40٫76371002,-73٫90225983,Cash,3,0,0٫5,0,0,0٫3,3٫8
257,2,9:00:39 ص 2016/03/10,9:01:47 ص 2016/03/10,5,0,Standard rate,40٫76398087,-73٫90196991,40٫76401138,-73٫90203094,Cash,3,0,0٫5,0,0,0٫3,3٫8
257,2,2:27:28 ص 2016/03/01,2:27:33 ص 2016/03/01,6,0,Standard rate,0,0,0,0,Credit card,2٫5,0٫5,0٫5,0,0,0٫3,3٫8
257,2,5:05:16 ص 2016/03/01,5:05:26 ص 2016/03/01,1,0,Standard rate,40٫64487076,-73٫78173065,0,0,Cash,2٫5,0٫5,0٫5,0,0,0٫3,3٫8
257,2,12:19:25 م 2016/03/10,12:20:34 م 2016/03/10,1,0,Standard rate,40٫76375961,-73٫90229797,40٫76377106,-73٫90229797,Cash,3,0,0٫5,0,0,0٫3,3٫8
257,2,4:47:20 ص 2016/03/01,4:47:23 ص 2016/03/01,1,0,Standard rate,0,0,0,0,Cash,2٫5,0٫5,0٫5,0,0,0٫3,3٫8
257,1,12:15:46 ص 2016/03/01,12:16:00 ص 2016/03/01,1,0,Standard rate,40٫75154114,-73٫94527435,40٫75154114,-73٫94527435,Cash,2٫5,0٫5,0٫5,0,0,0٫3,3٫8
257,1,2:53:22 ص 2016/03/01,2:54:03 ص 2016/03/01,1,0,Standard rate,40٫76278305,-73٫98313141,40٫76268387,-73٫98310852,Cash,2٫5,0٫5,0٫5,0,0,0٫3,3٫8
257,2,11:48:33 ص 2016/03/10,11:49:56 ص 2016/03/10,3,0,Standard rate,40٫76390839,-73٫90168762,40٫76390839,-73٫90168762,Cash,3,0,0٫5,0,0,0٫3,3٫8
257,2,4:20:18 ص 2016/03/01,4:20:24 ص 2016/03/01,1,0,Standard rate,40٫75694275,-73٫98990631,40٫75824356,-73٫98803711,Dispute,-2٫5,-0٫5,-0٫5,0,0,-0٫3,-3٫8
257,2,2:40:43 ص 2016/03/01,2:40:50 ص 2016/03/01,1,0,Standard rate,40٫82707214,-73٫94639587,0,0,No charge,-2٫5,-0٫5,-0٫5,0,0,-0٫3,-3٫8
257,2,12:06:54 ص 2016/03/01,12:07:11 ص 2016/03/01,2,0,Standard rate,40٫64509583,-73٫7869339,40٫64509583,-73٫7869339,Dispute,-2٫5,-0٫5,-0٫5,0,0,-0٫3,-3٫8
257,2,12:10:00 ص 2016/03/01,12:10:04 ص 2016/03/01,1,0,Standard rate,40٫75687408,-73٫98977661,40٫75677109,-73٫98988342,No charge,-2٫5,-0٫5,-0٫5,0,0,-0٫3,-3٫8
257,2,5:23:47 ص 2016/03/01,5:23:56 ص 2016/03/01,5,0,Standard rate,40٫74985886,-73٫97914124,40٫74914169,-73٫97969055,No charge,-2٫5,-0٫5,-0٫5,0,0,-0٫3,-3٫8
257,2,9:27:53 ص 2016/03/10,9:29:18 ص 2016/03/10,1,0,Standard rate,40٫76131821,-73٫99571228,40٫7614212,-73٫9957428,No charge,-3,0,-0٫5,0,0,-0٫3,-3٫8
257,2,1:58:58 م 2016/03/10,1:59:10 م 2016/03/10,1,0,Negotiated fare,40٫80383682,-73٫9358139,40٫80384064,-73٫9358139,Credit card,6٫3,0,0,0,0,0٫3,6٫6
257,2,12:41:22 م 2016/03/10,12:41:24 م 2016/03/10,1,0,Negotiated fare,0,0,0,0,Credit card,6٫3,0,0٫5,0,0,0٫3,7٫1
257,2,9:41:30 ص 2016/03/10,9:41:34 ص 2016/03/10,1,0,Negotiated fare,0,0,40٫83731842,-73٫9167099,Credit card,5٫8,0,0,1٫5,0,0٫3,7٫6
257,2,12:36:48 ص 2016/03/01,12:36:52 ص 2016/03/01,1,0,Negotiated fare,0,0,0,0,Cash,8٫9,0,0,0,0,0٫3,9٫2
257,2,8:25:49 ص 2016/03/10,12:00:00 ص 2016/03/11,1,0,Negotiated fare,40٫90301132,-73٫94946289,40٫90301895,-73٫94944763,Cash,13٫9,0,0٫5,0,0,0٫3,14٫7
257,2,12:42:26 ص 2016/03/01,12:42:30 ص 2016/03/01,1,0,Negotiated fare,40٫6175499,-73٫93672943,40٫6175499,-73٫93672943,Credit card,40,0,0٫5,2,0,0٫3,42٫8
257,2,5:45:38 ص 2016/03/01,5:45:52 ص 2016/03/01,1,0,Negotiated fare,0,0,40٫79829025,-74٫06632233,Credit card,50,0,0٫5,0,0,0٫3,50٫8
257,1,2:39:45 ص 2016/03/01,2:40:49 ص 2016/03/01,1,0,Negotiated fare,40٫73802948,-74٫03655243,40٫73799515,-74٫03656006,Credit card,40,0,0,0,10٫5,0٫3,50٫8
257,2,9:38:42 ص 2016/03/10,9:38:49 ص 2016/03/10,1,0,JFK,0,0,0,0,Cash,52,0,0٫5,0,0,0٫3,52٫8
257,2,8:36:23 ص 2016/03/10,8:36:33 ص 2016/03/10,3,0,JFK,40٫77407455,-73٫87450409,0,0,Cash,52,0,0٫5,0,0,0٫3,52٫8
257,2,5:40:01 ص 2016/03/01,5:40:32 ص 2016/03/01,1,0,JFK,40٫64492416,-73٫77722168,40٫64554214,-73٫77684784,Cash,52,0,0٫5,0,0,0٫3,52٫8
257,2,1:24:52 م 2016/03/10,1:24:55 م 2016/03/10,1,0,JFK,0,0,0,0,Cash,52,0,0٫5,0,0,0٫3,52٫8
257,2,8:55:34 ص 2016/03/10,8:55:38 ص 2016/03/10,1,0,JFK,0,0,0,0,Cash,52,0,0٫5,0,0,0٫3,52٫8
257,2,7:51:27 ص 2016/03/10,7:58:10 ص 2016/03/10,1,0,JFK,40٫76387024,-73٫90205383,40٫76395035,-73٫90211487,Cash,52,0,0٫5,0,0,0٫3,52٫8
257,1,3:10:50 ص 2016/03/01,3:11:18 ص 2016/03/01,1,0,JFK,40٫73501968,-73٫97454834,40٫73506165,-73٫97460938,No charge,52,0,0٫5,0,0,0٫3,52٫8
257,2,1:44:01 م 2016/03/10,1:44:03 م 2016/03/10,1,0,JFK,0,0,40٫64533615,-73٫77641296,Credit card,52,0,0٫5,0,0,0٫3,52٫8
257,2,12:21:05 ص 2016/03/01,12:21:08 ص 2016/03/01,2,0,JFK,0,0,0,0,Cash,52,0,0٫5,0,0,0٫3,52٫8
257,2,7:57:29 ص 2016/03/10,7:57:44 ص 2016/03/10,1,0,JFK,40٫76557159,-73٫96787262,40٫76556015,-73٫9678421,Cash,52,0,0٫5,0,0,0٫3,52٫8
257,2,8:22:54 ص 2016/03/10,8:22:57 ص 2016/03/10,1,0,JFK,40٫78789139,-73٫95580292,40٫78712845,-73٫95632935,Cash,52,0,0٫5,0,0,0٫3,52٫8
257,2,12:24:44 ص 2016/03/01,12:24:47 ص 2016/03/01,1,0,JFK,0,0,40٫76990128,-73٫98445892,Credit card,52,0,0٫5,6,0,0٫3,58٫8
257,2,9:59:41 ص 2016/03/10,10:01:00 ص 2016/03/10,1,0,JFK,40٫64374161,-73٫78340149,40٫64374161,-73٫78340149,Credit card,52,0,0٫5,4,6,0٫3,62٫8
257,2,10:33:56 ص 2016/03/10,10:35:13 ص 2016/03/10,1,0,Standard rate,40٫76473618,-73٫93704987,40٫76473236,-73٫93711853,Cash,1٫1,0,0٫5,0,0,0٫3,1٫9
257,2,6:11:09 ص 2016/03/01,6:11:15 ص 2016/03/01,3,0,Standard rate,40٫75191116,-73٫85446167,40٫75165939,-73٫85463715,Credit card,2٫5,0,0٫5,30,0,0٫3,33٫3
257,2,12:03:33 ص 2016/03/01,12:03:35 ص 2016/03/01,1,0,Negotiated fare,0,0,0,0,Credit card,35,0,0,0,0,0٫3,35٫3
257,2,12:31:41 ص 2016/03/01,12:31:44 ص 2016/03/01,1,0,Negotiated fare,0,0,40٫74633026,-73٫91332245,Credit card,35,0,0,0,0,0٫3,35٫3
257,1,5:31:11 ص 2016/03/01,5:31:29 ص 2016/03/01,1,0,Negotiated fare,40٫77409363,-73٫87290955,40٫77436447,-73٫87316132,Cash,45,0,0,0,0,0٫3,45٫3
257,1,5:27:39 ص 2016/03/01,5:27:56 ص 2016/03/01,1,0,Negotiated fare,40٫77444077,-73٫8729248,40٫77441788,-73٫87314606,Cash,45,0,0,0,0,0٫3,45٫3
257,1,5:29:30 ص 2016/03/01,5:29:45 ص 2016/03/01,1,0,Negotiated fare,40٫77413559,-73٫87306976,40٫7741394,-73٫87303925,Cash,45,0,0,0,0,0٫3,45٫3
257,2,8:20:38 ص 2016/03/10,3:03:54 م 2016/03/10,0,0,JFK,0,0,0,0,Cash,52,4٫5,0٫5,0,0,0٫3,57٫3
257,1,12:38:54 ص 2016/03/01,12:39:14 ص 2016/03/01,1,0,Negotiated fare,40٫71631241,-74٫01068878,40٫71631241,-74٫01068878,Credit card,53,0,0,8,0,0٫3,61٫3
257,1,1:44:10 ص 2016/03/01,1:44:50 ص 2016/03/01,1,0,Negotiated fare,40٫77412796,-73٫95187378,40٫7743187,-73٫95174408,Credit card,58,0,0,5,0,0٫3,63٫3
257,1,1:08:25 ص 2016/03/01,1:09:14 ص 2016/03/01,3,0,Negotiated fare,40٫77494431,-73٫96356201,40٫7751236,-73٫96347809,Credit card,60,0,0,15٫05,0,0٫3,75٫35
257,2,1:37:40 ص 2016/03/01,1:37:44 ص 2016/03/01,1,0,Negotiated fare,0,0,40٫70510101,-74٫00724792,Credit card,30,0,0٫5,5,0,0٫3,35٫8
257,2,12:27:06 ص 2016/03/01,12:28:29 ص 2016/03/01,1,0,Negotiated fare,40٫75428009,-73٫98043823,40٫75432968,-73٫98047638,Credit card,45,0,0٫5,0,0,0٫3,45٫8
257,1,12:46:25 ص 2016/03/01,12:46:49 ص 2016/03/01,1,0,JFK,40٫71456146,-73٫97966003,40٫71456146,-73٫97966003,Credit card,52,0,0٫5,3,0,0٫3,55٫8
257,1,12:19:03 ص 2016/03/01,12:19:10 ص 2016/03/01,1,0,JFK,40٫72263718,-73٫98296356,40٫72263718,-73٫98296356,Credit card,52,0,0٫5,9,0,0٫3,61٫8
257,1,1:45:24 ص 2016/03/01,1:45:54 ص 2016/03/01,1,0,Negotiated fare,41٫20454788,-73٫62021637,41٫20454788,-73٫62021637,Credit card,209,0,0,42٫95,5٫54,0٫3,257٫79
257,2,1:14:44 م 2016/03/10,1:19:16 م 2016/03/10,1,0,Standard rate,40٫79859924,-73٫97084808,40٫78693008,-73٫97731781,Credit card,4٫5,0,0٫5,1٫06,0,0٫3,6٫36
257,2,11:29:54 ص 2016/03/10,11:34:12 ص 2016/03/10,2,0,Standard rate,40٫78076935,-73٫9814682,40٫78601837,-73٫98107147,Credit card,4٫5,0,0٫5,1٫06,0,0٫3,6٫36
257,2,9:45:10 ص 2016/03/10,9:45:12 ص 2016/03/10,2,0,Negotiated fare,40٫63804245,-73٫69317627,40٫63803101,-73٫69316864,Credit card,84,0,0٫5,16٫96,0,0٫3,101٫76
257,2,11:18:14 ص 2016/03/10,11:18:24 ص 2016/03/10,1,0,JFK,40٫72417068,-73٫98270416,0,0,Credit card,52,0,0٫5,11٫67,5٫54,0٫3,70٫01
257,2,11:41:44 ص 2016/03/10,11:42:00 ص 2016/03/10,6,0,JFK,40٫64881134,-73٫78304291,40٫64862823,-73٫78315735,Credit card,52,0,0٫5,11٫67,5٫54,0٫3,70٫01
257,2,7:56:58 ص 2016/03/10,7:57:08 ص 2016/03/10,1,0,JFK,40٫74848175,-73٫9801712,40٫74868011,-73٫98014832,Credit card,52,0,0٫5,11٫67,5٫54,0٫3,70٫01
257,2,10:09:31 ص 2016/03/10,10:09:40 ص 2016/03/10,1,0,JFK,0,0,0,0,Credit card,52,0,0٫5,11٫67,5٫54,0٫3,70٫01
257,2,12:01:06 ص 2016/03/01,12:02:35 ص 2016/03/01,1,0,JFK,40٫7577095,-73٫98458099,40٫7577095,-73٫98458099,Credit card,52,0,0٫5,11٫67,5٫54,0٫3,70٫01
257,2,7:59:05 ص 2016/03/10,7:59:15 ص 2016/03/10,1,0,JFK,40٫75971603,-73٫98597717,40٫75985336,-73٫98590088,Credit card,52,0,0٫5,11٫67,5٫54,0٫3,70٫01
257,2,1:51:24 م 2016/03/10,1:51:35 م 2016/03/10,1,0,JFK,40٫64557648,-73٫77627563,40٫64558029,-73٫77628326,Credit card,52,0,0٫5,11٫67,5٫54,0٫3,70٫01
257,2,12:48:04 ص 2016/03/01,12:48:13 ص 2016/03/01,2,0,Negotiated fare,40٫72740936,-74٫03404999,40٫72729874,-74٫03420258,Credit card,62,0,0,12٫46,0,0٫3,74٫76
257,2,1:18:48 ص 2016/03/01,1:19:01 ص 2016/03/01,1,0,JFK,40٫72809982,-73٫99100494,0,0,Credit card,52,0,0٫5,14٫58,5٫54,0٫3,72٫92
257,2,2:10:07 م 2016/03/10,2:10:11 م 2016/03/10,1,0,Negotiated fare,0,0,0,0,Credit card,40,0,0٫5,8٫16,0,0٫3,48٫96
257,2,2:25:43 م 2016/03/10,2:25:46 م 2016/03/10,1,0,Negotiated fare,0,0,40٫76839828,-73٫86167908,Credit card,45,0,0٫5,9٫16,0,0٫3,54٫96
257,2,12:42:22 م 2016/03/10,12:42:26 م 2016/03/10,1,0,Negotiated fare,0,0,0,0,Credit card,45,0,0٫5,9٫16,0,0٫3,54٫96
257,2,12:26:18 م 2016/03/10,12:26:21 م 2016/03/10,1,0,Negotiated fare,0,0,40٫77087021,-73٫86550903,Credit card,50,0,0٫5,10٫16,0,0٫3,60٫96
257,2,11:23:49 ص 2016/03/10,11:32:13 ص 2016/03/10,5,0,Standard rate,40٫76448059,-73٫9957962,40٫75183487,-73٫99261475,Credit card,6٫5,0,0٫5,2٫19,0,0٫3,9٫49
257,2,1:00:43 م 2016/03/10,1:06:49 م 2016/03/10,5,0,Standard rate,40٫76589966,-73٫96366119,40٫76102829,-73٫96897125,Credit card,5٫5,0,0٫5,1٫58,0,0٫3,7٫88
257,2,9:37:07 ص 2016/03/10,9:50:23 ص 2016/03/10,1,0,Standard rate,40٫7772522,-73٫98896027,40٫76541138,-73٫96427155,Credit card,9,0,0٫5,1٫96,0,0٫3,11٫76
257,2,11:39:09 ص 2016/03/10,11:52:49 ص 2016/03/10,5,0,Standard rate,40٫71815109,-73٫98645782,40٫71532822,-74٫00937653,Credit card,9,0,0٫5,1٫96,0,0٫3,11٫76
257,2,12:21:35 م 2016/03/10,12:21:40 م 2016/03/10,2,0,Negotiated fare,0,0,40٫64162827,-73٫78907013,Credit card,58٫54,0,0٫5,0,0,0,59٫04
257,2,9:24:47 ص 2016/03/10,9:25:04 ص 2016/03/10,1,0,Negotiated fare,0,0,0,0,Credit card,29٫99,0,0٫5,3,0,0٫3,33٫79
257,2,9:07:43 ص 2016/03/10,9:07:46 ص 2016/03/10,1,0,Negotiated fare,0,0,0,0,Credit card,13,0,0٫5,2٫76,0,0٫3,16٫56
257,2,1:54:46 م 2016/03/10,2:21:21 م 2016/03/10,5,0,Standard rate,40٫76900101,-73٫98882294,40٫70497894,-74٫00756836,Credit card,15٫5,0,0٫5,3٫26,0,0٫3,19٫56
257,2,9:56:37 ص 2016/03/10,9:56:52 ص 2016/03/10,1,0,Negotiated fare,40٫7045517,-74٫0105896,40٫70429993,-74٫01081848,Credit card,26,0,0,5٫26,0,0٫3,31٫56
257,2,12:02:09 ص 2016/03/01,12:02:13 ص 2016/03/01,1,0,Negotiated fare,0,0,40٫38993835,-74٫64172363,Credit card,160,0,0,0,0,0٫3,160٫3
257,2,7:49:11 ص 2016/03/10,7:49:24 ص 2016/03/10,1,0,Negotiated fare,40٫79725266,-73٫9484787,40٫79722977,-73٫94839478,Cash,200,0,0,0,0,0٫3,200٫3
257,2,9:34:07 ص 2016/03/10,9:34:12 ص 2016/03/10,1,0,Negotiated fare,0,0,0,0,Credit card,15٫8,0,0,1,0,0٫3,17٫1
257,2,7:37:06 ص 2016/03/10,7:37:10 ص 2016/03/10,1,0,Negotiated fare,40٫7986412,-73٫93335724,40٫79864502,-73٫93336487,Credit card,16٫8,0,0,3,0,0٫3,20٫1
257,2,12:51:38 ص 2016/03/01,12:51:41 ص 2016/03/01,1,0,Negotiated fare,0,0,0,0,Credit card,125,0,0٫5,12,0,0٫3,137٫8
257,1,12:10:03 ص 2016/03/01,12:10:37 ص 2016/03/01,1,0,Negotiated fare,41٫0598259,-73٫83283234,41٫0598259,-73٫83283234,Dispute,170,0,0,0,0,0٫3,170٫3
257,2,1:26:49 ص 2016/03/01,1:28:15 ص 2016/03/01,1,0,Negotiated fare,40٫74253845,-73٫98174286,40٫74261856,-73٫98178864,Credit card,240,0,0,10,0,0٫3,250٫3
257,2,10:31:41 ص 2016/03/10,10:31:44 ص 2016/03/10,1,0,Negotiated fare,0,0,0,0,Credit card,19٫99,0,0,4٫06,0,0٫3,24٫35
257,2,8:40:11 ص 2016/03/10,8:40:13 ص 2016/03/10,1,0,Negotiated fare,0,0,0,0,Credit card,170,0,0,1,0,0٫3,171٫3
257,1,12:59:23 ص 2016/03/01,12:59:38 ص 2016/03/01,1,0,Standard rate,40٫76408386,-73٫98550415,40٫76415253,-73٫98581696,Credit card,2٫5,0٫5,0٫5,1٫1,0,0٫3,4٫9
257,2,1:26:03 م 2016/03/10,2:12:29 م 2016/03/10,2,0,Standard rate,0,0,0,0,Cash,6٫1,0,0٫5,0,0,0٫3,6٫9
257,2,2:00:08 م 2016/03/10,2:00:13 م 2016/03/10,1,0,Standard rate,0,0,0,0,Credit card,2٫5,0,0٫5,5,0,0٫3,8٫3
257,2,7:13:06 ص 2016/03/10,7:13:10 ص 2016/03/10,1,0,Standard rate,40٫76465988,-73٫97997284,40٫76462936,-73٫97994995,Credit card,2٫5,0,0٫5,5,0,0٫3,8٫3
257,2,10:42:20 ص 2016/03/10,10:43:04 ص 2016/03/10,2,0,Standard rate,0,0,40٫89336014,-73٫90885925,Credit card,2٫5,0,0٫5,5,0,0٫3,8٫3
257,2,10:14:09 ص 2016/03/10,10:22:11 ص 2016/03/10,5,0,Standard rate,40٫76229095,-73٫96600342,40٫76377869,-73٫95426178,Credit card,6٫5,0,0٫5,1,0,0٫3,8٫3
257,1,6:08:19 ص 2016/03/01,6:09:04 ص 2016/03/01,1,0,Negotiated fare,40٫75499725,-73٫98448181,40٫75517654,-73٫98473358,Credit card,7,0,0,1,0,0٫3,8٫3
257,2,8:20:38 ص 2016/03/10,8:31:50 ص 2016/03/10,1,0,Standard rate,0,0,0,0,Cash,8,0,0٫5,0,0,0٫3,8٫8
257,2,2:03:00 م 2016/03/10,2:14:56 م 2016/03/10,1,0,Standard rate,40٫76966858,-73٫95459747,40٫7625885,-73٫96787262,Cash,8,0,0٫5,0,0,0٫3,8٫8
257,2,1:28:57 م 2016/03/10,1:29:02 م 2016/03/10,1,0,Negotiated fare,0,0,40٫77761841,-73٫9613266,Credit card,7,0,0٫5,1,0,0٫3,8٫8
257,2,12:59:36 ص 2016/03/01,1:00:07 ص 2016/03/01,1,0,Negotiated fare,0,0,40٫82574081,-73٫95082092,Credit card,4٫5,0,0,4,0,0٫3,8٫8
257,2,8:53:22 ص 2016/03/10,8:53:25 ص 2016/03/10,1,0,Negotiated fare,40٫77061462,-73٫86510468,40٫77061844,-73٫86510468,Credit card,9,0,0,0,0,0٫3,9٫3
257,2,12:15:35 م 2016/03/10,12:15:40 م 2016/03/10,6,0,Standard rate,0,0,0,0,Credit card,2٫5,0,0٫5,6,0,0٫3,9٫3
257,1,4:48:36 ص 2016/03/01,4:48:36 ص 2016/03/01,1,0,Standard rate,40٫75026703,-73٫99166107,0,0,Cash,8,0٫5,0٫5,0,0,0٫3,9٫3
257,2,12:16:42 م 2016/03/10,12:16:44 م 2016/03/10,1,0,Negotiated fare,0,0,40٫76277161,-73٫96823883,Credit card,9,0,0,0,0,0٫3,9٫3
257,2,12:22:41 م 2016/03/10,12:34:09 م 2016/03/10,1,0,Standard rate,40٫7542572,-73٫97215271,40٫77479553,-73٫95691681,Credit card,8,0,0٫5,1,0,0٫3,9٫8
257,2,8:23:46 ص 2016/03/10,8:24:23 ص 2016/03/10,2,0,Negotiated fare,40٫73823929,-73٫97737122,40٫73820877,-73٫97731781,Credit card,9٫5,0,0,0,0,0٫3,9٫8
257,2,11:33:15 ص 2016/03/10,11:46:59 ص 2016/03/10,4,0,Standard rate,40٫75190353,-73٫99256134,40٫75775909,-73٫97494507,Cash,9,0,0٫5,0,0,0٫3,9٫8
257,2,10:00:23 ص 2016/03/10,10:00:26 ص 2016/03/10,1,0,Negotiated fare,0,0,40٫79920959,-73٫96838379,Credit card,9,0,0٫5,0,0,0٫3,9٫8
257,2,10:33:02 ص 2016/03/10,10:36:18 ص 2016/03/10,1,0,Standard rate,40٫76599121,-73٫97664642,40٫77170181,-73٫98275757,Credit card,2٫5,0,0٫5,6٫5,0,0٫3,9٫8
257,2,9:15:45 ص 2016/03/10,9:29:57 ص 2016/03/10,1,0,Standard rate,40٫77633286,-73٫95998383,40٫7803421,-73٫98164368,Credit card,9٫5,0,0٫5,0,0,0٫3,10٫3
257,2,12:27:17 م 2016/03/10,12:27:51 م 2016/03/10,1,0,Standard rate,40٫75848007,-73٫98638916,40٫75838089,-73٫9866333,Credit card,2٫5,0,0٫5,7,0,0٫3,10٫3
257,1,1:49:45 ص 2016/03/01,1:50:13 ص 2016/03/01,1,0,Negotiated fare,40٫61737823,-73٫92093658,40٫61738205,-73٫92095184,Dispute,10,0,0,0,0,0٫3,10٫3
257,2,12:45:35 ص 2016/03/01,12:45:40 ص 2016/03/01,1,0,Negotiated fare,40٫84449005,-73٫94097137,40٫84449005,-73٫94097137,Credit card,10,0,0,0,0,0٫3,10٫3
257,2,2:46:21 ص 2016/03/01,2:46:24 ص 2016/03/01,1,0,Negotiated fare,0,0,40٫77614975,-73٫97776031,Credit card,10,0,0,0,0,0٫3,10٫3
257,2,9:28:33 ص 2016/03/10,9:28:48 ص 2016/03/10,1,0,Negotiated fare,0,0,0,0,Cash,10,0,0٫5,0,0,0٫3,10٫8
257,2,1:40:11 ص 2016/03/01,1:40:15 ص 2016/03/01,1,0,Negotiated fare,0,0,0,0,Credit card,10,0,0٫5,0,0,0٫3,10٫8
257,2,8:39:48 ص 2016/03/10,8:39:57 ص 2016/03/10,1,0,Negotiated fare,40٫75685883,-73٫97776031,0,0,Credit card,8٫5,0,0٫5,1٫5,0,0٫3,10٫8
257,2,1:46:22 ص 2016/03/01,1:48:47 ص 2016/03/01,1,0,Negotiated fare,40٫82707977,-73٫88347626,0,0,Cash,10,0,0٫5,0,0,0٫3,10٫8
257,2,12:13:05 ص 2016/03/01,12:13:08 ص 2016/03/01,1,0,Negotiated fare,0,0,0,0,Credit card,10,0,0٫5,0,0,0٫3,10٫8
257,2,1:37:27 م 2016/03/10,1:54:25 م 2016/03/10,1,0,Standard rate,40٫76065826,-73٫99476624,40٫76549149,-73٫96077728,Cash,10٫5,0,0٫5,0,0,0٫3,11٫3
257,1,12:26:05 ص 2016/03/01,12:26:44 ص 2016/03/01,2,0,Negotiated fare,40٫75998688,-73٫98429871,40٫75910568,-73٫98513031,Credit card,10,0,0,2,0,0٫3,12٫3
257,2,8:03:37 ص 2016/03/10,8:03:40 ص 2016/03/10,1,0,Negotiated fare,0,0,40٫76219177,-73٫97035217,Credit card,12٫5,0,0,0,0,0٫3,12٫8
257,1,3:08:13 ص 2016/03/01,3:08:13 ص 2016/03/01,1,0,Standard rate,40٫74951553,-73٫9921875,0,0,Cash,11٫5,0٫5,0٫5,0,0,0٫3,12٫8
257,2,11:38:13 ص 2016/03/10,11:38:13 ص 2016/03/10,6,0,Standard rate,40٫74053574,-73٫9757843,40٫74248886,-73٫98041534,Credit card,2٫5,0,0٫5,10,0,0٫3,13٫3
257,2,10:20:06 ص 2016/03/10,10:20:08 ص 2016/03/10,1,0,Standard rate,0,0,40٫71738815,-74٫00694275,Credit card,2٫5,0,0٫5,10,0,0٫3,13٫3
257,2,1:20:24 م 2016/03/10,1:42:02 م 2016/03/10,5,0,Standard rate,40٫74591064,-73٫9863205,40٫7696991,-73٫98451233,Credit card,12٫5,0,0٫5,0,0,0٫3,13٫3
257,2,4:28:26 ص 2016/03/01,4:28:29 ص 2016/03/01,5,0,Standard rate,0,0,40٫72711945,-73٫97659302,Credit card,2٫5,0٫5,0٫5,10,0,0٫3,13٫8
257,2,7:35:37 ص 2016/03/10,7:35:41 ص 2016/03/10,1,0,Standard rate,0,0,0,0,Credit card,2٫5,0,0٫5,11,0,0٫3,14٫3
257,1,1:49:10 ص 2016/03/01,1:49:10 ص 2016/03/01,1,0,Standard rate,40٫76062393,-73٫98356628,0,0,Cash,13٫5,0٫5,0٫5,0,0,0٫3,14٫8
257,2,9:51:37 ص 2016/03/10,10:15:27 ص 2016/03/10,1,0,Standard rate,40٫76538849,-73٫963974,40٫74813843,-73٫98511505,Cash,14,0,0٫5,0,0,0٫3,14٫8
257,2,10:37:18 ص 2016/03/10,10:38:03 ص 2016/03/10,1,0,Standard rate,0,0,40٫74132919,-73٫99141693,Credit card,2٫5,0,0٫5,12,0,0٫3,15٫3
257,1,12:06:09 ص 2016/03/01,12:08:11 ص 2016/03/01,1,0,Negotiated fare,40٫72213364,-74٫01173401,40٫72211456,-74٫01173401,Credit card,10,0,0,5,0,0٫3,15٫3
257,2,10:07:00 ص 2016/03/10,10:24:43 ص 2016/03/10,6,0,Standard rate,40٫72309875,-74٫00489807,40٫75695038,-73٫98220825,Credit card,11,0,0٫5,4,0,0٫3,15٫8
257,1,4:33:18 ص 2016/03/01,4:33:18 ص 2016/03/01,1,0,Standard rate,40٫75336075,-73٫98143768,0,0,Cash,14٫5,0٫5,0٫5,0,0,0٫3,15٫8
257,1,12:39:04 ص 2016/03/01,12:39:30 ص 2016/03/01,1,0,Negotiated fare,40٫71121216,-73٫94935608,40٫71120453,-73٫94934845,Credit card,17٫8,0,0,4٫5,0,0٫3,22٫6
257,2,1:51:09 ص 2016/03/01,1:51:11 ص 2016/03/01,2,0,Negotiated fare,0,0,0,0,Credit card,142,0,0٫5,0,0,0٫3,142٫8
257,2,1:15:28 ص 2016/03/01,1:15:33 ص 2016/03/01,1,0,Negotiated fare,40٫77265167,-73٫95526886,40٫77272034,-73٫95520782,Credit card,58٫5,0,0,11٫76,0,0٫3,70٫56
257,2,9:24:56 ص 2016/03/10,9:24:58 ص 2016/03/10,1,0,Negotiated fare,0,0,0,0,Credit card,50,0,0,10٫06,0,0٫3,60٫36
257,2,11:13:23 ص 2016/03/10,11:14:04 ص 2016/03/10,1,0,Standard rate,40٫76473999,-73٫93701935,40٫76470184,-73٫9369812,Credit card,2٫5,0,0٫5,0٫66,0,0٫3,3٫96
257,2,1:36:50 م 2016/03/10,1:37:28 م 2016/03/10,2,0,Standard rate,40٫81312943,-73٫95401001,40٫81312943,-73٫95401001,Credit card,2٫5,0,0٫5,0٫66,0,0٫3,3٫96
257,2,7:47:00 ص 2016/03/10,7:47:27 ص 2016/03/10,5,0,Standard rate,40٫76456833,-73٫93688965,40٫76454163,-73٫93688202,Credit card,2٫5,0,0٫5,0٫66,0,0٫3,3٫96
257,2,11:21:17 ص 2016/03/10,11:21:42 ص 2016/03/10,1,0,Standard rate,40٫76475143,-73٫9371109,40٫76486969,-73٫93704224,Credit card,2٫5,0,0٫5,0٫66,0,0٫3,3٫96
257,2,7:48:46 ص 2016/03/10,7:49:06 ص 2016/03/10,5,0,Standard rate,40٫76406097,-73٫93739319,40٫76459122,-73٫93675232,Credit card,2٫5,0,0٫5,0٫66,0,0٫3,3٫96
257,2,7:48:46 ص 2016/03/10,7:49:06 ص 2016/03/10,5,0,Standard rate,40٫76406097,-73٫93739319,40٫76459122,-73٫93675232,Dispute,-2٫5,0,-0٫5,-0٫66,0,-0٫3,-3٫96
257,2,7:47:00 ص 2016/03/10,7:47:27 ص 2016/03/10,5,0,Standard rate,40٫76456833,-73٫93688965,40٫76454163,-73٫93688202,Dispute,-2٫5,0,-0٫5,-0٫66,0,-0٫3,-3٫96
257,2,7:31:53 ص 2016/03/10,7:32:00 ص 2016/03/10,3,0,JFK,40٫71873856,-74٫00467682,40٫71873856,-74٫00467682,Credit card,52,0,0٫5,10٫56,0,0٫3,63٫36
257,2,11:08:05 ص 2016/03/10,11:08:08 ص 2016/03/10,1,0,JFK,40٫64157104,-73٫78907013,40٫64157104,-73٫78909302,Credit card,52,0,0٫5,10٫56,0,0٫3,63٫36
257,2,12:39:30 ص 2016/03/01,12:40:22 ص 2016/03/01,2,0,JFK,0,0,0,0,Credit card,52,0,0٫5,10٫56,0,0٫3,63٫36
257,2,2:02:40 ص 2016/03/01,2:02:44 ص 2016/03/01,6,0,JFK,0,0,0,0,Credit card,52,0,0٫5,10٫56,0,0٫3,63٫36
257,2,9:59:48 ص 2016/03/10,9:59:59 ص 2016/03/10,1,0,JFK,40٫6432457,-73٫78981781,0,0,Credit card,52,0,0٫5,10٫56,0,0٫3,63٫36
257,2,12:35:57 ص 2016/03/01,12:38:57 ص 2016/03/01,5,0,JFK,40٫7216835,-73٫97882843,0,0,Credit card,52,0,0٫5,10٫56,0,0٫3,63٫36
257,1,5:04:45 ص 2016/03/01,5:06:18 ص 2016/03/01,1,0,JFK,40٫6455307,-73٫77633667,40٫6455307,-73٫77633667,Credit card,52,0,0٫5,5,10٫58,0٫3,68٫38
257,2,12:39:33 ص 2016/03/01,12:39:35 ص 2016/03/01,1,0,Negotiated fare,0,0,0,0,Credit card,7,0,0٫5,1٫56,0,0٫3,9٫36
257,2,9:41:50 ص 2016/03/10,9:51:15 ص 2016/03/10,5,0,Standard rate,40٫74411011,-74٫00679016,40٫74776077,-73٫98930359,Credit card,7,0,0٫5,1٫56,0,0٫3,9٫36
257,2,11:53:47 ص 2016/03/10,12:03:26 م 2016/03/10,1,0,Standard rate,40٫76361084,-73٫97692871,40٫75774002,-73٫97361755,Credit card,7,0,0٫5,1٫56,0,0٫3,9٫36
257,2,12:45:08 م 2016/03/10,12:45:10 م 2016/03/10,1,0,Negotiated fare,0,0,40٫78432846,-73٫95501709,Credit card,7,0,0٫5,1٫56,0,0٫3,9٫36
257,2,8:15:29 ص 2016/03/10,8:25:20 ص 2016/03/10,1,0,Standard rate,40٫76480484,-73٫99176788,40٫75376511,-73٫98164368,Credit card,7,0,0٫5,1٫56,0,0٫3,9٫36
257,2,1:08:04 م 2016/03/10,1:17:36 م 2016/03/10,6,0,Standard rate,40٫75130081,-73٫97530365,40٫73976135,-73٫98882294,Credit card,7,0,0٫5,1٫56,0,0٫3,9٫36